Workbook
Name Comb_Solid: Factores!$C$27:$C$51
Name Comb_liq: Factores!$C$6:$C$21
Name RANGO: 'Tabla Municipios'!$A$1:$F$1154
Name _xlchart.v1.0: Resultados!$C$6:$C$8
Name Comb_Gas: Factores!$C$56:$C$66
Name RANGO1: 'Tabla Municipios'!$A$1:$F$1154
Name Años: Factores!$C$81:$C$84
Name Extintores: Factores!$C$72:$C$74
Name _xlchart.v1.1: Resultados!$E$6:$E$8

Sheet Inicio
B3: CALCULADORA HUELLA DE CARBONO
B4: MUNDO VERDE
B5: CT-205-25-3 “Una apuesta por la adopción e implementación de prácticas sostenibles” "contrato de subvención 922-AIV.2/2023-045 (CV-119-24-2)"
B7: ESTIMACIÓN DE EMISIONES DE GASES DE EFECTO INVERNADERO (GEI)
C10: INGRESAR AÑO DE CÁLCULO | F10: 2024
B23: Fecha de elaboración 2025

Sheet Instructivo
A1: HERRAMIENTA EMISIONES GASES DE EFECTO INVERNADERO
A2: INSTRUCTIVO
A4: * Diligencie la herramienta de cálculo de emisiones de gases de efecto invernadero ingresando cada dato en el orden establecido,
A5: * Para las celdas que requieran ser diligenciadas con valores numéricos no incluir las unidades, estas son proporcionadas por la herramienta. Ejemplo: kg, galones, m3, grados (°), minutos ( ´ ), etcétera,
A6: * Cuando aparezca en el formulario "(Escoja Opción)" despliegue la lista para diligenciar la celda,
A7: * Si desea realizar el cálculo para más de un proceso deberá diligenciar un formulario por cada uno,
A8: * Recuerde que la información que diligencie debe corresponder a las cantidades del periodo de reporte.
A9: * Verifique antes de diligenciar la información de la empresa, que la herramienta no tenga ningún dato diligenciado,
A10: * Evite manipular la pestaña "Resumen". No ingrese ni borre información. Esta hoja de cálculo permite el correcto funcionamiento de la herramienta,
A11: * No elimine hojas de reportes ya creados. Para no afectar el funcionamiento de la herramienta no elimine reportes, dejelos sin diligenciar.
A12: GLOSARIO
A14: Depósitos de carbono: Son los compartimentos en donde se encuentra almacenado el carbono de los ecosistemas continentales y sus productos. Estos son: biomasa aérea y subterránea, materia orgánica muerta incluyendo detritos y madera muerta, carbono orgánico en el suelo y productos cosechados de la madera. Fuente: Resolución 1447 de 2018.
... A24: Potencial de Calentamiento Global (PCG): Factor que describe el impacto de la fuerza de radiación de una unidad con base en la masa de un GEI determinado, con relación a la unidad equivalente de dióxido de carbono en un periodo determinado. En ese sentido, se define como el efecto de calentamiento integrado a lo largo del tiempo que produce hoy una liberación instantánea de 1 kg de un gas de efecto invernadero, en comparación con el causado por el dióxido de carbono.

Sheet Infográfia
A1: INFOGRAFÍA Y GUÍAS RECOMENDADAS
A2: CAPITULO I. LA PROBLEMÁTICA MEDIO AMBIENTAL
A3: GUÍA MODULO 1. LOS PROBLEMAS MEDIO AMBIENTALES
A4: APLICAR HERRAMIENTA CALCULADORA HUELLA DE CARBONO

Sheet Corporativa
A1: EMISIONES HUELLA DE CARBONO CORPORATIVA
A2: La herramienta "Huella de carbono - MUNDO VERDE debe ser diligenciada con la información del año inmediatamente anterior. El objetivo es generar una buena práctica en el manejo y custodia de la información relacionada con la producción de gases de efecto invernado de su organización.
A3: INFORMACIÓN GENERAL DE LA ORGANIZACIÓN
A4: Nombre organización | B4: MIES
A5: Responsable | B5: DAVID GARCIA
A6: Número de trabajadores | B6: 10 | F6: Horas promedio de trabajo diario
A7: Departamento | B7: CALDAS | E7: Municipio | G7: MANIZALES
A8: Coordenadas | B8: Geográficas | E8: X | F8: 4.6372
E9: Y | F9: -75.292263
A10: Área construida (m2) | B10: 25000 | E10: Área total (m2) | G10: 45000 | J10: Temperatura promedio (°C) | K10: 18.5
A11: Período de reporte | B11: 2024
A12: Fecha de diligenciamiento (DD/MM/AÑO) | B12: 45877 | E12: Hora | G12: 08:00am
A13: Quién diligencia | B13: DAVID GARCIA
A14: Correo electrónico | B14: SBHGS@jbss.com | E14: Nro. Celular Contacto
A15: INVENTARIO DE EMISIONES CORPORATIVAS
A16: Diligencie la siguiente información referente a los vuelos corporativos realizados por los colaboradores de la organización
A17: Mes | B17: Ciudad Origen | C17: Ciudad Destino | D17: Clase | E17: Número de personas | F17: Tipo de vuelo | G17: Factor de Emisión (kgCO2e) | H17: Emisión (tCO2e) | K17: Emisión (kgCO2e)
A18: Enero | B18: Manizales | C18: Bogota | D18: Económica | E18: 2 | F18: Air Travel - Short Haul (< 482.8 km): 0.207 | G18: 0.207 | H18: =K18/1000 -> 0.000414 | K18: =G18*E18 -> 0.414
A19: Mayo | B19: Manizales | C19: Amsterdam | D19: Ejecutiva | E19: 20 | F19: Air Travel - Long Haul (>= 3701.49 km): 0.163 | G19: 0.163 | H19: =K19/1000 -> 0.00326 | K19: =G19*E19 -> 3.26
A20: Julio | B20: Medellin | C20: Bruselas | D20: Ejecutiva | E20: 200 | F20: Air Travel - Long Haul (>= 3701.49 km): 0.163 | G20: 0.163 | H20: =K20/1000 -> 0.0326 | K20: =G20*E20 -> 32.6
A21: Septiembre | B21: Ahmedabad | C21: Lome | D21: Ejecutiva | E21: 300 | F21: Air Travel - Medium Haul (>= 482.8 km, < 3701.49 km): 0.129 | G21: 0.129 | H21: =K21/1000 -> 0.0387 | K21: =G21*E21 -> 38.7
H22: =K22/1000 -> 0 | K22: =G22*E22 -> 0
H23: =K23/1000 -> 0 | K23: =G23*E23 -> 0
H24: =K24/1000 -> 0 | K24: =G24*E24 -> 0
H25: =K25/1000 -> 0 | K25: =G25*E25 -> 0
H26: =K26/1000 -> 0 | K26: =G26*E26 -> 0
H27: =K27/1000 -> 0 | K27: =G27*E27 -> 0
H28: =K28/1000 -> 0 | K28: =G28*E28 -> 0
H29: =K29/1000 -> 0 | K29: =G29*E29 -> 0
H30: =K30/1000 -> 0 | K30: =G30*E30 -> 0
H31: =SUM(H18:J30) -> 0.074974 | K31: =SUM(K18:L30) -> 74.974
A34: Vuelos corporativos | E34: Los vuelos corporativos suelen ser una fuente importante dentro de los inventarios de las organizaciones. En ese sentido, se recomienda adquirir los pasajes, en plataformas que permitan compensar las emisiones.
A35: =H31 -> 0.074974
A40: =H31/0.025 -> 2.99896 | C40: Siembra de Árboles

Sheet Factores
B3: FACTORES DE EMISION COMBUSTIBLES LÍQUIDOS
B5: No. | C5: Combustible | D5: Densidad (Kg/l) | E5: Poder Calorífico Inferior (LHV) MJ/kg | F5: Factor de emisión CO2 (Kg CO2 / TJ) | G5: Factor de emisión CH4 (Kg CH4 / TJ) | H5: Factor de emisión N2O (Kg N2O / TJ) aplicación estacionaria | I5: Factor de emisión N2O (Kg N2O / TJ) aplicación móvil | J5: Factor de emisión SO2 (Kg SO2 / TJ)
B6: 1 | C6: Kerosene | D6: 0.803 | E6: 42.8168 | F6: 73939.639 | G6: 3 | H6: 0.6 | I6: =H6 -> 0.6 | J6: 42.0002
B7: 2 | C7: Combustoleo | D7: 0.97 | E7: 39.3469 | F7: 80460.272 | G7: 3 | H7: 0.6 | I7: =H7 -> 0.6 | J7: 1269.5595
B8: 3 | C8: Crudo de Castilla | D8: 0.9414 | E8: 40.6705 | F8: 77841.778 | G8: 3 | H8: 0.6 | I8: =H8 -> 0.6 | J8: 1080.8539
B9: 4 | C9: Avigas | D9: 0.696 | E9: 43.0302 | F9: 56337.812 | G9: 3 | H9: 0.6 | I9: =H9 -> 0.6 | J9: 2.4146
B10: 5 | C10: Jet A1 | D10: 0.826 | E10: 35.5769 | F10: 88461.131 | G10: 3 | H10: 0.6 | I10: =H10 -> 0.6 | J10: 30.6653
B11: 6 | C11: Biodiesel palma | D11: 0.8751 | E11: 37.9079 | F11: 54806.487 | G11: 3 | H11: 0.6 | I11: 3.9 | J11: 2.4247
B12: 7 | C12: Etanol Anhidro | D12: 0.8208 | E12: 22.4802 | F12: 84758.116 | G12: 3 | H12: 0.6 | I12: 41 | J12: 4.0887
B13: 8 | C13: Fuel Oil # 4 - Ecopetrol | D13: 0.8493 | E13: 40.4422 | F13: 78281.203 | G13: 3 | H13: 0.6 | I13: =H13 -> 0.6 | J13: 0
B14: 9 | C14: Gasolina Motor | D14: 0.7405 | E14: 45.3295 | F14: 69323.686 | G14: 3 | H14: 0.6 | I14: 3.2 | J14: 3.5705
B15: 10 | C15: Diesel Marino | D15: 0.8576 | E15: 41.8694 | F15: 65207.203 | G15: 1 | H15: 0.6 | I15: 3.9 | J15: 4.3905
B16: 11 | C16: Diesel B2 | D16: 0.8519 | E16: 42.4185 | F16: 74193.483 | G16: 1 | H16: 0.6 | I16: 3.9 | J16: 2.9676
B17: 12 | C17: Gasolina E10 (Comercial) | D17: 0.7412 | E17: 40.6593 | F17: 66778.409 | G17: 3 | H17: 0.6 | I17: 3.2 | J17: 10.9589
B18: 13 | C18: GLP Cartagena | D18: 0.559 | E18: 45.4134 | F18: 67134.755 | G18: 1 | H18: 0.1 | I18: 3 | J18: 0
B19: 14 | C19: GLP Barrancabermeja | D19: 0.5864 | E19: 45.2318 | F19: 68911.812 | G19: 1 | H19: 0.1 | I19: 3 | J19: 0
B20: 15 | C20: GLP Cusiana | D20: 0.5343 | E20: 45.7431 | F20: 65846.382 | G20: 1 | H20: 0.1 | I20: 3 | J20: 0
B21: 16 | C21: GLP Genérico | D21: 0.5599 | E21: 45.4145 | F21: 67185.115 | G21: 1 | H21: 0.1 | I21: 3 | J21: 0
B24: FACTORES DE EMISIÓN COMBUSTIBLES SÓLIDOS
B26: No. | C26: Combustible | D26: Poder Calorífico Inferior (LHV) MJ/kg | E26: Factor de emisión CO2 (Kg CO2 / TJ) | F26: Factor de emisión CH4 (Kg CH4 / TJ) | G26: Factor de emisión N2O (Kg N2O / TJ) | H26: Factor de emisión SO2 (Kg SO2 / TJ)
B27: 1 | C27: Carbón Genérico | D27: 28.76 | E27: 88136.063 | F27: 1 | G27: 1.5 | H27: 3101.7541
B28: 2 | C28: Carbón Guajira - Cesar | D28: 26.622 | E28: 81163.156 | F28: 1 | G28: 1.5 | H28: 1133.7889
B29: 3 | C29: Carbón Guajira | D29: 30.417 | E29: 95146.446 | F29: 1 | G29: 1.5 | H29: 427.5182
B30: 4 | C30: Carbón Cundinamarca | D30: 29.17 | E30: 75915.075 | F30: 1 | G30: 1.5 | H30: 578.8202
B31: 5 | C31: Carbón Cauca - Valle del Cauca | D31: 31.212 | E31: 80341.198 | F31: 1 | G31: 1.5 | H31: 10011.704
B32: 6 | C32: Carbón Norte de Santander | D32: 31.229 | E32: 90067.894 | F32: 1 | G32: 1.5 | H32: 671.8226
B33: 7 | C33: Carbón Córdoba-Norte de Antioquia | D33: 20.948 | E33: 90854.391 | F33: 1 | G33: 1.5 | H33: 1430.7775
B34: 8 | C34: Carbón Santander | D34: 33.077 | E34: 77405.145 | F34: 1 | G34: 1.5 | H34: 11860.282
B35: 9 | C35: Carbón Santander Sogamoso | D35: 29.205 | E35: 92142.041 | F35: 1 | G35: 1.5 | H35: 738.9073
B36: 10 | C36: Carbón Boyacá | D36: 35.206 | E36: 86711.847 | F36: 1 | G36: 1.5 | H36: 308.9193
B37: 11 | C37: Carbón Antioquia | D37: 24.405 | E37: 93317.311 | F37: 1 | G37: 1.5 | H37: 1399.6315
B38: 12 | C38: Bagazo | D38: 14.743 | E38: 112929.72 | F38: 30 | G38: 4 | H38: 47.4357
... B51: 25 | C51: Residuos de llantas | D51: 37.921 | E51: 77577.488 | F51: 30 | G51: 0.1 | H51: 1124.9715
B53: FACTORES DE EMISIÓN COMBUSTIBLES GASEOSOS
B55: No. | C55: Combustible | D55: Poder Calorífico Inferior (LHV) MJ/m3 | E55: Factor de emisión CO2 (Kg CO2 / TJ) | F55: Factor de emisión CH4 (Kg CH4 / TJ) | G55: Factor de emisión N2O (Kg N2O / TJ) aplicación estacionaria | H55: Factor de emisión N2O (Kg N2O / TJ) aplicación móvil
B56: 1 | C56: Biogas Genérico | D56: 22.0001 | E56: 84364.418 | F56: 1 | G56: 0.1 | H56: =G56 -> 0.1
B57: 2 | C57: Coke Gas Genérico | D57: 15.0252 | E57: 40784.042 | F57: 1 | G57: 0.1 | H57: =G57 -> 0.1
B58: 3 | C58: Gas Natural Cusiana | D58: 38.6735 | E58: 56647.783 | F58: 1 | G58: 0.1 | H58: 3
B59: 4 | C59: Gas Natural Guajira | D59: 33.4943 | E59: 54911.342 | F59: 1 | G59: 0.1 | H59: 3
B60: 5 | C60: Gas Natural Guepaje | D60: 33.2687 | E60: 54869.575 | F60: 1 | G60: 0.1 | H60: 3
B61: 6 | C61: Gas Natural Neiva - Huila | D61: 37.259 | E61: 54618.089 | F61: 1 | G61: 0.1 | H61: 3
B62: 7 | C62: Gas Opon Payoa | D62: 35.4292 | E62: 55801.046 | F62: 1 | G62: 0.1 | H62: 3
B63: 8 | C63: Gas Cupiagua | D63: 37.935 | E63: 56980.011 | F63: 1 | G63: 0.1 | H63: 3
B64: 9 | C64: Gas La Creciente | D64: 33.5056 | E64: 54667.782 | F64: 1 | G64: 0.1 | H64: 3
B65: 10 | C65: Gas Natural Genérico | D65: 35.6522 | E65: 55539.087 | F65: 1 | G65: 0.1 | H65: 3
B66: 11 | C66: Gas de Pozo Cupiagua | D66: 40.5725 | E66: 56225.457 | F66: 1 | G66: 0.1 | H66: =G66 -> 0.1
B69: FACTORES DE EMISIÓN EXTINTORES
B71: No. | C71: Tipo de extintor | D71: Tipo de Gas | E71: PCG
B72: 1 | C72: Dioxido de Carbono (CO2) | D72: CO2 | E72: 1
B73: 2 | C73: Multipropósito | D73: NH4H2PO4 | E73: 0
B74: 3 | C74: Solkaflam | D74: HCFC-123 | E74: 77
B78: FACTORES DE EMISIÓN SISTEMA INTERCONECTADO NACIONAL (SIN)
B80: No. | C80: Año | D80: Factor emisión Energía Ton CO2/MWh año | E80: Fuente | F80: WEB
B81: 1 | C81: 2024 | D81: 0.391 | E81: UPME | F81: chrome-extension://efaidnbmnnnibpcajpcglclefindmkaj/https://www1.upme.gov.co/Normatividad/705_2024.pdf
B82: 2
B83: 3
B84: 4

Sheet Combustibles Líquidos
B1: ALCANCE 1. EMISIONES DIRECTAS POR CONSUMO DE COMBUSTIBLES FÓSILES LIQUIDOS DE FUENTES ESTACIONARIAS
B3: No. | C3: Combustibles | D3: Consumo anual (gal) | E3: Consumo anual (l) | F3: Densidad (kg/l) | G3: Masa de combustible (kg) | H3: Poder calorífico (MJ/kg) | I3: Consumo de energía (TJ) | J3: Factor de emisión CO2 (Kg CO2 / TJ) | K3: Factor de emisión CH4 (Kg CH4 / TJ) | L3: Factor de emisión N2O (Kg N2O / TJ) | M3: Factor de emisión SO2 (Kg SO2 / TJ) | N3: Emisión CO2 (Kg CO2 / TJ) | O3: Emisión CH4 (Kg CH4 / TJ) | P3: Emisión N2O (Kg N2O / TJ) | Q3: Emisión SO2 (Kg SO2 / TJ) | R3: EMISIONES TOTALES (Ton CO2 eq)
B4: 1 | R4: =SUM(N20,O20,P20,Q20)/1000 -> 0.42368241
B5: 2
B6: 3
B7: 4
B8: 5 | C8: Kerosene | D8: 44 | E8: =D8*3.78541 -> 166.55804 | F8: =IF($C8="Kerosene",Factores!$D$6,IF($C8="Combustoleo",Factores!$D$7,IF($C8="Crudo de Castilla",Factores!$D$8,IF($C8="Avigas",Factores!$D$9,IF($C8="Jet A1",Factores!$D$10,IF($C8="Biodiesel palma",Factores!$D$11,IF($C8="Etanol Anhidro",Factores!$D$12,IF($C8="Fuel Oil # 4 - Ecopetrol",Factores!$D$13, IF($C8="Gasolina Motor",Factores!$D$14,IF($C8="Diesel Marino",Factores!$D$15,IF($C8="Diesel B2",Factores!$D$16,IF($C8="Gasolina E10 (Comercial)",Factores!$D$17,IF($C8="GLP Cartagena",Factores!$D$18,IF($C8="GLP Barrancabermeja",Factores!$D$19,IF($C8="GLP Cusiana",Factores!$D$20,IF($C8="GLP Genérico",Factores!$D$21, "0")))))))))))))))) -> 0.803 | G8: =E8*F8 -> 133.74611 | H8: =IF($C8="Kerosene",Factores!$E$6,IF($C8="Combustoleo",Factores!$E$7,IF($C8="Crudo de Castilla",Factores!$E$8,IF($C8="Avigas",Factores!$E$9,IF($C8="Jet A1",Factores!$E$10,IF($C8="Biodiesel palma",Factores!$E$11,IF($C8="Etanol Anhidro",Factores!$E$12,IF($C8="Fuel Oil # 4 - Ecopetrol",Factores!$E$13, IF($C8="Gasolina Motor",Factores!$E$14,IF($C8="Diesel Marino",Factores!$E$15,IF($C8="Diesel B2",Factores!$E$16,IF($C8="Gasolina E10 (Comercial)",Factores!$E$17,IF($C8="GLP Cartagena",Factores!$E$18,IF($C8="GLP Barrancabermeja",Factores!$E$19,IF($C8="GLP Cusiana",Factores!$E$20,IF($C8="GLP Genérico",Factores!$E$21, "0")))))))))))))))) -> 42.8168 | I8: =(H8*G8)/1000000 -> 0.0057265803 | J8: =IF($C8="Kerosene",Factores!$F$6,IF($C8="Combustoleo",Factores!$F$7,IF($C8="Crudo de Castilla",Factores!$F$8,IF($C8="Avigas",Factores!$F$9,IF($C8="Jet A1",Factores!$F$10,IF($C8="Biodiesel palma",Factores!$F$11,IF($C8="Etanol Anhidro",Factores!$F$12,IF($C8="Fuel Oil # 4 - Ecopetrol",Factores!$F$13, IF($C8="Gasolina Motor",Factores!$F$14,IF($C8="Diesel Marino",Factores!$F$15,IF($C8="Diesel B2",Factores!$F$16,IF($C8="Gasolina E10 (Comercial)",Factores!$F$17,IF($C8="GLP Cartagena",Factores!$F$18,IF($C8="GLP Barrancabermeja",Factores!$F$19,IF($C8="GLP Cusiana",Factores!$F$20,IF($C8="GLP Genérico",Factores!$F$21, "0")))))))))))))))) -> 73939.639 | K8: =IF($C8="Kerosene",Factores!$G$6,IF($C8="Combustoleo",Factores!$G$7,IF($C8="Crudo de Castilla",Factores!$G$8,IF($C8="Avigas",Factores!$G$9,IF($C8="Jet A1",Factores!$G$10,IF($C8="Biodiesel palma",Factores!$G$11,IF($C8="Etanol Anhidro",Factores!$G$12,IF($C8="Fuel Oil # 4 - Ecopetrol",Factores!$G$13, IF($C8="Gasolina Motor",Factores!$G$14,IF($C8="Diesel Marino",Factores!$G$15,IF($C8="Diesel B2",Factores!$G$16,IF($C8="Gasolina E10 (Comercial)",Factores!$G$17,IF($C8="GLP Cartagena",Factores!$G$18,IF($C8="GLP Barrancabermeja",Factores!$G$19,IF($C8="GLP Cusiana",Factores!$G$20,IF($C8="GLP Genérico",Factores!$G$21, "0")))))))))))))))) -> 3 | L8: =IF($C8="Kerosene",Factores!$H$6,IF($C8="Combustoleo",Factores!$H$7,IF($C8="Crudo de Castilla",Factores!$H$8,IF($C8="Avigas",Factores!$H$9,IF($C8="Jet A1",Factores!$H$10,IF($C8="Biodiesel palma",Factores!$H$11,IF($C8="Etanol Anhidro",Factores!$H$12,IF($C8="Fuel Oil # 4 - Ecopetrol",Factores!$H$13, IF($C8="Gasolina Motor",Factores!$H$14,IF($C8="Diesel Marino",Factores!$H$15,IF($C8="Diesel B2",Factores!$H$16,IF($C8="Gasolina E10 (Comercial)",Factores!$H$17,IF($C8="GLP Cartagena",Factores!$H$18,IF($C8="GLP Barrancabermeja",Factores!$H$19,IF($C8="GLP Cusiana",Factores!$H$20,IF($C8="GLP Genérico",Factores!$H$21, "0")))))))))))))))) -> 0.6 | M8: =IF($C8="Kerosene",Factores!$J$6,IF($C8="Combustoleo",Factores!$J$7,IF($C8="Crudo de Castilla",Factores!$J$8,IF($C8="Avigas",Factores!$J$9,IF($C8="Jet A1",Factores!$J$10,IF($C8="Biodiesel palma",Factores!$J$11,IF($C8="Etanol Anhidro",Factores!$J$12,IF($C8="Fuel Oil # 4 - Ecopetrol",Factores!$J$13, IF($C8="Gasolina Motor",Factores!$J$14,IF($C8="Diesel Marino",Factores!$J$15,IF($C8="Diesel B2",Factores!$J$16,IF($C8="Gasolina E10 (Comercial)",Factores!$J$17,IF($C8="GLP Cartagena",Factores!$J$18,IF($C8="GLP Barrancabermeja",Factores!$J$19,IF($C8="GLP Cusiana",Factores!$J$20,IF($C8="GLP Genérico",Factores!$J$21, "0")))))))))))))))) -> 42.0002 | N8: =$J8*$I8 -> 423.42128 | O8: =$K8*$I8 -> 0.017179741 | P8: =$I8*$L8 -> 0.0034359482 | Q8: =$I8*$M8 -> 0.24051752
B9: 6 | E9: =D9*3.78541 -> 0 | F9: =IF($C9="Kerosene",Factores!$D$6,IF($C9="Combustoleo",Factores!$D$7,IF($C9="Crudo de Castilla",Factores!$D$8,IF($C9="Avigas",Factores!$D$9,IF($C9="Jet A1",Factores!$D$10,IF($C9="Biodiesel palma",Factores!$D$11,IF($C9="Etanol Anhidro",Factores!$D$12,IF($C9="Fuel Oil # 4 - Ecopetrol",Factores!$D$13, IF($C9="Gasolina Motor",Factores!$D$14,IF($C9="Diesel Marino",Factores!$D$15,IF($C9="Diesel B2",Factores!$D$16,IF($C9="Gasolina E10 (Comercial)",Factores!$D$17,IF($C9="GLP Cartagena",Factores!$D$18,IF($C9="GLP Barrancabermeja",Factores!$D$19,IF($C9="GLP Cusiana",Factores!$D$20,IF($C9="GLP Genérico",Factores!$D$21, "0")))))))))))))))) -> 0 | G9: =E9*F9 -> 0 | H9: =IF($C9="Kerosene",Factores!$E$6,IF($C9="Combustoleo",Factores!$E$7,IF($C9="Crudo de Castilla",Factores!$E$8,IF($C9="Avigas",Factores!$E$9,IF($C9="Jet A1",Factores!$E$10,IF($C9="Biodiesel palma",Factores!$E$11,IF($C9="Etanol Anhidro",Factores!$E$12,IF($C9="Fuel Oil # 4 - Ecopetrol",Factores!$E$13, IF($C9="Gasolina Motor",Factores!$E$14,IF($C9="Diesel Marino",Factores!$E$15,IF($C9="Diesel B2",Factores!$E$16,IF($C9="Gasolina E10 (Comercial)",Factores!$E$17,IF($C9="GLP Cartagena",Factores!$E$18,IF($C9="GLP Barrancabermeja",Factores!$E$19,IF($C9="GLP Cusiana",Factores!$E$20,IF($C9="GLP Genérico",Factores!$E$21, "0")))))))))))))))) -> 0 | I9: =(H9*G9)/1000000 -> 0 | J9: =IF($C9="Kerosene",Factores!$F$6,IF($C9="Combustoleo",Factores!$F$7,IF($C9="Crudo de Castilla",Factores!$F$8,IF($C9="Avigas",Factores!$F$9,IF($C9="Jet A1",Factores!$F$10,IF($C9="Biodiesel palma",Factores!$F$11,IF($C9="Etanol Anhidro",Factores!$F$12,IF($C9="Fuel Oil # 4 - Ecopetrol",Factores!$F$13, IF($C9="Gasolina Motor",Factores!$F$14,IF($C9="Diesel Marino",Factores!$F$15,IF($C9="Diesel B2",Factores!$F$16,IF($C9="Gasolina E10 (Comercial)",Factores!$F$17,IF($C9="GLP Cartagena",Factores!$F$18,IF($C9="GLP Barrancabermeja",Factores!$F$19,IF($C9="GLP Cusiana",Factores!$F$20,IF($C9="GLP Genérico",Factores!$F$21, "0")))))))))))))))) -> 0 | K9: =IF($C9="Kerosene",Factores!$G$6,IF($C9="Combustoleo",Factores!$G$7,IF($C9="Crudo de Castilla",Factores!$G$8,IF($C9="Avigas",Factores!$G$9,IF($C9="Jet A1",Factores!$G$10,IF($C9="Biodiesel palma",Factores!$G$11,IF($C9="Etanol Anhidro",Factores!$G$12,IF($C9="Fuel Oil # 4 - Ecopetrol",Factores!$G$13, IF($C9="Gasolina Motor",Factores!$G$14,IF($C9="Diesel Marino",Factores!$G$15,IF($C9="Diesel B2",Factores!$G$16,IF($C9="Gasolina E10 (Comercial)",Factores!$G$17,IF($C9="GLP Cartagena",Factores!$G$18,IF($C9="GLP Barrancabermeja",Factores!$G$19,IF($C9="GLP Cusiana",Factores!$G$20,IF($C9="GLP Genérico",Factores!$G$21, "0")))))))))))))))) -> 0 | L9: =IF($C9="Kerosene",Factores!$H$6,IF($C9="Combustoleo",Factores!$H$7,IF($C9="Crudo de Castilla",Factores!$H$8,IF($C9="Avigas",Factores!$H$9,IF($C9="Jet A1",Factores!$H$10,IF($C9="Biodiesel palma",Factores!$H$11,IF($C9="Etanol Anhidro",Factores!$H$12,IF($C9="Fuel Oil # 4 - Ecopetrol",Factores!$H$13, IF($C9="Gasolina Motor",Factores!$H$14,IF($C9="Diesel Marino",Factores!$H$15,IF($C9="Diesel B2",Factores!$H$16,IF($C9="Gasolina E10 (Comercial)",Factores!$H$17,IF($C9="GLP Cartagena",Factores!$H$18,IF($C9="GLP Barrancabermeja",Factores!$H$19,IF($C9="GLP Cusiana",Factores!$H$20,IF($C9="GLP Genérico",Factores!$H$21, "0")))))))))))))))) -> 0 | M9: =IF($C9="Kerosene",Factores!$J$6,IF($C9="Combustoleo",Factores!$J$7,IF($C9="Crudo de Castilla",Factores!$J$8,IF($C9="Avigas",Factores!$J$9,IF($C9="Jet A1",Factores!$J$10,IF($C9="Biodiesel palma",Factores!$J$11,IF($C9="Etanol Anhidro",Factores!$J$12,IF($C9="Fuel Oil # 4 - Ecopetrol",Factores!$J$13, IF($C9="Gasolina Motor",Factores!$J$14,IF($C9="Diesel Marino",Factores!$J$15,IF($C9="Diesel B2",Factores!$J$16,IF($C9="Gasolina E10 (Comercial)",Factores!$J$17,IF($C9="GLP Cartagena",Factores!$J$18,IF($C9="GLP Barrancabermeja",Factores!$J$19,IF($C9="GLP Cusiana",Factores!$J$20,IF($C9="GLP Genérico",Factores!$J$21, "0")))))))))))))))) -> 0 | N9: =$J9*$I9 -> 0 | O9: =$K9*$I9 -> 0 | P9: =$I9*$L9 -> 0 | Q9: =$I9*$M9 -> 0
B10: 7 | E10: =D10*3.78541 -> 0 | F10: =IF($C10="Kerosene",Factores!$D$6,IF($C10="Combustoleo",Factores!$D$7,IF($C10="Crudo de Castilla",Factores!$D$8,IF($C10="Avigas",Factores!$D$9,IF($C10="Jet A1",Factores!$D$10,IF($C10="Biodiesel palma",Factores!$D$11,IF($C10="Etanol Anhidro",Factores!$D$12,IF($C10="Fuel Oil # 4 - Ecopetrol",Factores!$D$13, IF($C10="Gasolina Motor",Factores!$D$14,IF($C10="Diesel Marino",Factores!$D$15,IF($C10="Diesel B2",Factores!$D$16,IF($C10="Gasolina E10 (Comercial)",Factores!$D$17,IF($C10="GLP Cartagena",Factores!$D$18,IF($C10="GLP Barrancabermeja",Factores!$D$19,IF($C10="GLP Cusiana",Factores!$D$20,IF($C10="GLP Genérico",Factores!$D$21, "0")))))))))))))))) -> 0 | G10: =E10*F10 -> 0 | H10: =IF($C10="Kerosene",Factores!$E$6,IF($C10="Combustoleo",Factores!$E$7,IF($C10="Crudo de Castilla",Factores!$E$8,IF($C10="Avigas",Factores!$E$9,IF($C10="Jet A1",Factores!$E$10,IF($C10="Biodiesel palma",Factores!$E$11,IF($C10="Etanol Anhidro",Factores!$E$12,IF($C10="Fuel Oil # 4 - Ecopetrol",Factores!$E$13, IF($C10="Gasolina Motor",Factores!$E$14,IF($C10="Diesel Marino",Factores!$E$15,IF($C10="Diesel B2",Factores!$E$16,IF($C10="Gasolina E10 (Comercial)",Factores!$E$17,IF($C10="GLP Cartagena",Factores!$E$18,IF($C10="GLP Barrancabermeja",Factores!$E$19,IF($C10="GLP Cusiana",Factores!$E$20,IF($C10="GLP Genérico",Factores!$E$21, "0")))))))))))))))) -> 0 | I10: =(H10*G10)/1000000 -> 0 | J10: =IF($C10="Kerosene",Factores!$F$6,IF($C10="Combustoleo",Factores!$F$7,IF($C10="Crudo de Castilla",Factores!$F$8,IF($C10="Avigas",Factores!$F$9,IF($C10="Jet A1",Factores!$F$10,IF($C10="Biodiesel palma",Factores!$F$11,IF($C10="Etanol Anhidro",Factores!$F$12,IF($C10="Fuel Oil # 4 - Ecopetrol",Factores!$F$13, IF($C10="Gasolina Motor",Factores!$F$14,IF($C10="Diesel Marino",Factores!$F$15,IF($C10="Diesel B2",Factores!$F$16,IF($C10="Gasolina E10 (Comercial)",Factores!$F$17,IF($C10="GLP Cartagena",Factores!$F$18,IF($C10="GLP Barrancabermeja",Factores!$F$19,IF($C10="GLP Cusiana",Factores!$F$20,IF($C10="GLP Genérico",Factores!$F$21, "0")))))))))))))))) -> 0 | K10: =IF($C10="Kerosene",Factores!$G$6,IF($C10="Combustoleo",Factores!$G$7,IF($C10="Crudo de Castilla",Factores!$G$8,IF($C10="Avigas",Factores!$G$9,IF($C10="Jet A1",Factores!$G$10,IF($C10="Biodiesel palma",Factores!$G$11,IF($C10="Etanol Anhidro",Factores!$G$12,IF($C10="Fuel Oil # 4 - Ecopetrol",Factores!$G$13, IF($C10="Gasolina Motor",Factores!$G$14,IF($C10="Diesel Marino",Factores!$G$15,IF($C10="Diesel B2",Factores!$G$16,IF($C10="Gasolina E10 (Comercial)",Factores!$G$17,IF($C10="GLP Cartagena",Factores!$G$18,IF($C10="GLP Barrancabermeja",Factores!$G$19,IF($C10="GLP Cusiana",Factores!$G$20,IF($C10="GLP Genérico",Factores!$G$21, "0")))))))))))))))) -> 0 | L10: =IF($C10="Kerosene",Factores!$H$6,IF($C10="Combustoleo",Factores!$H$7,IF($C10="Crudo de Castilla",Factores!$H$8,IF($C10="Avigas",Factores!$H$9,IF($C10="Jet A1",Factores!$H$10,IF($C10="Biodiesel palma",Factores!$H$11,IF($C10="Etanol Anhidro",Factores!$H$12,IF($C10="Fuel Oil # 4 - Ecopetrol",Factores!$H$13, IF($C10="Gasolina Motor",Factores!$H$14,IF($C10="Diesel Marino",Factores!$H$15,IF($C10="Diesel B2",Factores!$H$16,IF($C10="Gasolina E10 (Comercial)",Factores!$H$17,IF($C10="GLP Cartagena",Factores!$H$18,IF($C10="GLP Barrancabermeja",Factores!$H$19,IF($C10="GLP Cusiana",Factores!$H$20,IF($C10="GLP Genérico",Factores!$H$21, "0")))))))))))))))) -> 0 | M10: =IF($C10="Kerosene",Factores!$J$6,IF($C10="Combustoleo",Factores!$J$7,IF($C10="Crudo de Castilla",Factores!$J$8,IF($C10="Avigas",Factores!$J$9,IF($C10="Jet A1",Factores!$J$10,IF($C10="Biodiesel palma",Factores!$J$11,IF($C10="Etanol Anhidro",Factores!$J$12,IF($C10="Fuel Oil # 4 - Ecopetrol",Factores!$J$13, IF($C10="Gasolina Motor",Factores!$J$14,IF($C10="Diesel Marino",Factores!$J$15,IF($C10="Diesel B2",Factores!$J$16,IF($C10="Gasolina E10 (Comercial)",Factores!$J$17,IF($C10="GLP Cartagena",Factores!$J$18,IF($C10="GLP Barrancabermeja",Factores!$J$19,IF($C10="GLP Cusiana",Factores!$J$20,IF($C10="GLP Genérico",Factores!$J$21, "0")))))))))))))))) -> 0 | N10: =$J10*$I10 -> 0 | O10: =$K10*$I10 -> 0 | P10: =$I10*$L10 -> 0 | Q10: =$I10*$M10 -> 0
B11: 8 | E11: =D11*3.78541 -> 0 | F11: =IF($C11="Kerosene",Factores!$D$6,IF($C11="Combustoleo",Factores!$D$7,IF($C11="Crudo de Castilla",Factores!$D$8,IF($C11="Avigas",Factores!$D$9,IF($C11="Jet A1",Factores!$D$10,IF($C11="Biodiesel palma",Factores!$D$11,IF($C11="Etanol Anhidro",Factores!$D$12,IF($C11="Fuel Oil # 4 - Ecopetrol",Factores!$D$13, IF($C11="Gasolina Motor",Factores!$D$14,IF($C11="Diesel Marino",Factores!$D$15,IF($C11="Diesel B2",Factores!$D$16,IF($C11="Gasolina E10 (Comercial)",Factores!$D$17,IF($C11="GLP Cartagena",Factores!$D$18,IF($C11="GLP Barrancabermeja",Factores!$D$19,IF($C11="GLP Cusiana",Factores!$D$20,IF($C11="GLP Genérico",Factores!$D$21, "0")))))))))))))))) -> 0 | G11: =E11*F11 -> 0 | H11: =IF($C11="Kerosene",Factores!$E$6,IF($C11="Combustoleo",Factores!$E$7,IF($C11="Crudo de Castilla",Factores!$E$8,IF($C11="Avigas",Factores!$E$9,IF($C11="Jet A1",Factores!$E$10,IF($C11="Biodiesel palma",Factores!$E$11,IF($C11="Etanol Anhidro",Factores!$E$12,IF($C11="Fuel Oil # 4 - Ecopetrol",Factores!$E$13, IF($C11="Gasolina Motor",Factores!$E$14,IF($C11="Diesel Marino",Factores!$E$15,IF($C11="Diesel B2",Factores!$E$16,IF($C11="Gasolina E10 (Comercial)",Factores!$E$17,IF($C11="GLP Cartagena",Factores!$E$18,IF($C11="GLP Barrancabermeja",Factores!$E$19,IF($C11="GLP Cusiana",Factores!$E$20,IF($C11="GLP Genérico",Factores!$E$21, "0")))))))))))))))) -> 0 | I11: =(H11*G11)/1000000 -> 0 | J11: =IF($C11="Kerosene",Factores!$F$6,IF($C11="Combustoleo",Factores!$F$7,IF($C11="Crudo de Castilla",Factores!$F$8,IF($C11="Avigas",Factores!$F$9,IF($C11="Jet A1",Factores!$F$10,IF($C11="Biodiesel palma",Factores!$F$11,IF($C11="Etanol Anhidro",Factores!$F$12,IF($C11="Fuel Oil # 4 - Ecopetrol",Factores!$F$13, IF($C11="Gasolina Motor",Factores!$F$14,IF($C11="Diesel Marino",Factores!$F$15,IF($C11="Diesel B2",Factores!$F$16,IF($C11="Gasolina E10 (Comercial)",Factores!$F$17,IF($C11="GLP Cartagena",Factores!$F$18,IF($C11="GLP Barrancabermeja",Factores!$F$19,IF($C11="GLP Cusiana",Factores!$F$20,IF($C11="GLP Genérico",Factores!$F$21, "0")))))))))))))))) -> 0 | K11: =IF($C11="Kerosene",Factores!$G$6,IF($C11="Combustoleo",Factores!$G$7,IF($C11="Crudo de Castilla",Factores!$G$8,IF($C11="Avigas",Factores!$G$9,IF($C11="Jet A1",Factores!$G$10,IF($C11="Biodiesel palma",Factores!$G$11,IF($C11="Etanol Anhidro",Factores!$G$12,IF($C11="Fuel Oil # 4 - Ecopetrol",Factores!$G$13, IF($C11="Gasolina Motor",Factores!$G$14,IF($C11="Diesel Marino",Factores!$G$15,IF($C11="Diesel B2",Factores!$G$16,IF($C11="Gasolina E10 (Comercial)",Factores!$G$17,IF($C11="GLP Cartagena",Factores!$G$18,IF($C11="GLP Barrancabermeja",Factores!$G$19,IF($C11="GLP Cusiana",Factores!$G$20,IF($C11="GLP Genérico",Factores!$G$21, "0")))))))))))))))) -> 0 | L11: =IF($C11="Kerosene",Factores!$H$6,IF($C11="Combustoleo",Factores!$H$7,IF($C11="Crudo de Castilla",Factores!$H$8,IF($C11="Avigas",Factores!$H$9,IF($C11="Jet A1",Factores!$H$10,IF($C11="Biodiesel palma",Factores!$H$11,IF($C11="Etanol Anhidro",Factores!$H$12,IF($C11="Fuel Oil # 4 - Ecopetrol",Factores!$H$13, IF($C11="Gasolina Motor",Factores!$H$14,IF($C11="Diesel Marino",Factores!$H$15,IF($C11="Diesel B2",Factores!$H$16,IF($C11="Gasolina E10 (Comercial)",Factores!$H$17,IF($C11="GLP Cartagena",Factores!$H$18,IF($C11="GLP Barrancabermeja",Factores!$H$19,IF($C11="GLP Cusiana",Factores!$H$20,IF($C11="GLP Genérico",Factores!$H$21, "0")))))))))))))))) -> 0 | M11: =IF($C11="Kerosene",Factores!$J$6,IF($C11="Combustoleo",Factores!$J$7,IF($C11="Crudo de Castilla",Factores!$J$8,IF($C11="Avigas",Factores!$J$9,IF($C11="Jet A1",Factores!$J$10,IF($C11="Biodiesel palma",Factores!$J$11,IF($C11="Etanol Anhidro",Factores!$J$12,IF($C11="Fuel Oil # 4 - Ecopetrol",Factores!$J$13, IF($C11="Gasolina Motor",Factores!$J$14,IF($C11="Diesel Marino",Factores!$J$15,IF($C11="Diesel B2",Factores!$J$16,IF($C11="Gasolina E10 (Comercial)",Factores!$J$17,IF($C11="GLP Cartagena",Factores!$J$18,IF($C11="GLP Barrancabermeja",Factores!$J$19,IF($C11="GLP Cusiana",Factores!$J$20,IF($C11="GLP Genérico",Factores!$J$21, "0")))))))))))))))) -> 0 | N11: =$J11*$I11 -> 0 | O11: =$K11*$I11 -> 0 | P11: =$I11*$L11 -> 0 | Q11: =$I11*$M11 -> 0
B12: 9 | E12: =D12*3.78541 -> 0 | F12: =IF($C12="Kerosene",Factores!$D$6,IF($C12="Combustoleo",Factores!$D$7,IF($C12="Crudo de Castilla",Factores!$D$8,IF($C12="Avigas",Factores!$D$9,IF($C12="Jet A1",Factores!$D$10,IF($C12="Biodiesel palma",Factores!$D$11,IF($C12="Etanol Anhidro",Factores!$D$12,IF($C12="Fuel Oil # 4 - Ecopetrol",Factores!$D$13, IF($C12="Gasolina Motor",Factores!$D$14,IF($C12="Diesel Marino",Factores!$D$15,IF($C12="Diesel B2",Factores!$D$16,IF($C12="Gasolina E10 (Comercial)",Factores!$D$17,IF($C12="GLP Cartagena",Factores!$D$18,IF($C12="GLP Barrancabermeja",Factores!$D$19,IF($C12="GLP Cusiana",Factores!$D$20,IF($C12="GLP Genérico",Factores!$D$21, "0")))))))))))))))) -> 0 | G12: =E12*F12 -> 0 | H12: =IF($C12="Kerosene",Factores!$E$6,IF($C12="Combustoleo",Factores!$E$7,IF($C12="Crudo de Castilla",Factores!$E$8,IF($C12="Avigas",Factores!$E$9,IF($C12="Jet A1",Factores!$E$10,IF($C12="Biodiesel palma",Factores!$E$11,IF($C12="Etanol Anhidro",Factores!$E$12,IF($C12="Fuel Oil # 4 - Ecopetrol",Factores!$E$13, IF($C12="Gasolina Motor",Factores!$E$14,IF($C12="Diesel Marino",Factores!$E$15,IF($C12="Diesel B2",Factores!$E$16,IF($C12="Gasolina E10 (Comercial)",Factores!$E$17,IF($C12="GLP Cartagena",Factores!$E$18,IF($C12="GLP Barrancabermeja",Factores!$E$19,IF($C12="GLP Cusiana",Factores!$E$20,IF($C12="GLP Genérico",Factores!$E$21, "0")))))))))))))))) -> 0 | I12: =(H12*G12)/1000000 -> 0 | J12: =IF($C12="Kerosene",Factores!$F$6,IF($C12="Combustoleo",Factores!$F$7,IF($C12="Crudo de Castilla",Factores!$F$8,IF($C12="Avigas",Factores!$F$9,IF($C12="Jet A1",Factores!$F$10,IF($C12="Biodiesel palma",Factores!$F$11,IF($C12="Etanol Anhidro",Factores!$F$12,IF($C12="Fuel Oil # 4 - Ecopetrol",Factores!$F$13, IF($C12="Gasolina Motor",Factores!$F$14,IF($C12="Diesel Marino",Factores!$F$15,IF($C12="Diesel B2",Factores!$F$16,IF($C12="Gasolina E10 (Comercial)",Factores!$F$17,IF($C12="GLP Cartagena",Factores!$F$18,IF($C12="GLP Barrancabermeja",Factores!$F$19,IF($C12="GLP Cusiana",Factores!$F$20,IF($C12="GLP Genérico",Factores!$F$21, "0")))))))))))))))) -> 0 | K12: =IF($C12="Kerosene",Factores!$G$6,IF($C12="Combustoleo",Factores!$G$7,IF($C12="Crudo de Castilla",Factores!$G$8,IF($C12="Avigas",Factores!$G$9,IF($C12="Jet A1",Factores!$G$10,IF($C12="Biodiesel palma",Factores!$G$11,IF($C12="Etanol Anhidro",Factores!$G$12,IF($C12="Fuel Oil # 4 - Ecopetrol",Factores!$G$13, IF($C12="Gasolina Motor",Factores!$G$14,IF($C12="Diesel Marino",Factores!$G$15,IF($C12="Diesel B2",Factores!$G$16,IF($C12="Gasolina E10 (Comercial)",Factores!$G$17,IF($C12="GLP Cartagena",Factores!$G$18,IF($C12="GLP Barrancabermeja",Factores!$G$19,IF($C12="GLP Cusiana",Factores!$G$20,IF($C12="GLP Genérico",Factores!$G$21, "0")))))))))))))))) -> 0 | L12: =IF($C12="Kerosene",Factores!$H$6,IF($C12="Combustoleo",Factores!$H$7,IF($C12="Crudo de Castilla",Factores!$H$8,IF($C12="Avigas",Factores!$H$9,IF($C12="Jet A1",Factores!$H$10,IF($C12="Biodiesel palma",Factores!$H$11,IF($C12="Etanol Anhidro",Factores!$H$12,IF($C12="Fuel Oil # 4 - Ecopetrol",Factores!$H$13, IF($C12="Gasolina Motor",Factores!$H$14,IF($C12="Diesel Marino",Factores!$H$15,IF($C12="Diesel B2",Factores!$H$16,IF($C12="Gasolina E10 (Comercial)",Factores!$H$17,IF($C12="GLP Cartagena",Factores!$H$18,IF($C12="GLP Barrancabermeja",Factores!$H$19,IF($C12="GLP Cusiana",Factores!$H$20,IF($C12="GLP Genérico",Factores!$H$21, "0")))))))))))))))) -> 0 | M12: =IF($C12="Kerosene",Factores!$J$6,IF($C12="Combustoleo",Factores!$J$7,IF($C12="Crudo de Castilla",Factores!$J$8,IF($C12="Avigas",Factores!$J$9,IF($C12="Jet A1",Factores!$J$10,IF($C12="Biodiesel palma",Factores!$J$11,IF($C12="Etanol Anhidro",Factores!$J$12,IF($C12="Fuel Oil # 4 - Ecopetrol",Factores!$J$13, IF($C12="Gasolina Motor",Factores!$J$14,IF($C12="Diesel Marino",Factores!$J$15,IF($C12="Diesel B2",Factores!$J$16,IF($C12="Gasolina E10 (Comercial)",Factores!$J$17,IF($C12="GLP Cartagena",Factores!$J$18,IF($C12="GLP Barrancabermeja",Factores!$J$19,IF($C12="GLP Cusiana",Factores!$J$20,IF($C12="GLP Genérico",Factores!$J$21, "0")))))))))))))))) -> 0 | N12: =$J12*$I12 -> 0 | O12: =$K12*$I12 -> 0 | P12: =$I12*$L12 -> 0 | Q12: =$I12*$M12 -> 0
B13: 10 | E13: =D13*3.78541 -> 0 | F13: =IF($C13="Kerosene",Factores!$D$6,IF($C13="Combustoleo",Factores!$D$7,IF($C13="Crudo de Castilla",Factores!$D$8,IF($C13="Avigas",Factores!$D$9,IF($C13="Jet A1",Factores!$D$10,IF($C13="Biodiesel palma",Factores!$D$11,IF($C13="Etanol Anhidro",Factores!$D$12,IF($C13="Fuel Oil # 4 - Ecopetrol",Factores!$D$13, IF($C13="Gasolina Motor",Factores!$D$14,IF($C13="Diesel Marino",Factores!$D$15,IF($C13="Diesel B2",Factores!$D$16,IF($C13="Gasolina E10 (Comercial)",Factores!$D$17,IF($C13="GLP Cartagena",Factores!$D$18,IF($C13="GLP Barrancabermeja",Factores!$D$19,IF($C13="GLP Cusiana",Factores!$D$20,IF($C13="GLP Genérico",Factores!$D$21, "0")))))))))))))))) -> 0 | G13: =E13*F13 -> 0 | H13: =IF($C13="Kerosene",Factores!$E$6,IF($C13="Combustoleo",Factores!$E$7,IF($C13="Crudo de Castilla",Factores!$E$8,IF($C13="Avigas",Factores!$E$9,IF($C13="Jet A1",Factores!$E$10,IF($C13="Biodiesel palma",Factores!$E$11,IF($C13="Etanol Anhidro",Factores!$E$12,IF($C13="Fuel Oil # 4 - Ecopetrol",Factores!$E$13, IF($C13="Gasolina Motor",Factores!$E$14,IF($C13="Diesel Marino",Factores!$E$15,IF($C13="Diesel B2",Factores!$E$16,IF($C13="Gasolina E10 (Comercial)",Factores!$E$17,IF($C13="GLP Cartagena",Factores!$E$18,IF($C13="GLP Barrancabermeja",Factores!$E$19,IF($C13="GLP Cusiana",Factores!$E$20,IF($C13="GLP Genérico",Factores!$E$21, "0")))))))))))))))) -> 0 | I13: =(H13*G13)/1000000 -> 0 | J13: =IF($C13="Kerosene",Factores!$F$6,IF($C13="Combustoleo",Factores!$F$7,IF($C13="Crudo de Castilla",Factores!$F$8,IF($C13="Avigas",Factores!$F$9,IF($C13="Jet A1",Factores!$F$10,IF($C13="Biodiesel palma",Factores!$F$11,IF($C13="Etanol Anhidro",Factores!$F$12,IF($C13="Fuel Oil # 4 - Ecopetrol",Factores!$F$13, IF($C13="Gasolina Motor",Factores!$F$14,IF($C13="Diesel Marino",Factores!$F$15,IF($C13="Diesel B2",Factores!$F$16,IF($C13="Gasolina E10 (Comercial)",Factores!$F$17,IF($C13="GLP Cartagena",Factores!$F$18,IF($C13="GLP Barrancabermeja",Factores!$F$19,IF($C13="GLP Cusiana",Factores!$F$20,IF($C13="GLP Genérico",Factores!$F$21, "0")))))))))))))))) -> 0 | K13: =IF($C13="Kerosene",Factores!$G$6,IF($C13="Combustoleo",Factores!$G$7,IF($C13="Crudo de Castilla",Factores!$G$8,IF($C13="Avigas",Factores!$G$9,IF($C13="Jet A1",Factores!$G$10,IF($C13="Biodiesel palma",Factores!$G$11,IF($C13="Etanol Anhidro",Factores!$G$12,IF($C13="Fuel Oil # 4 - Ecopetrol",Factores!$G$13, IF($C13="Gasolina Motor",Factores!$G$14,IF($C13="Diesel Marino",Factores!$G$15,IF($C13="Diesel B2",Factores!$G$16,IF($C13="Gasolina E10 (Comercial)",Factores!$G$17,IF($C13="GLP Cartagena",Factores!$G$18,IF($C13="GLP Barrancabermeja",Factores!$G$19,IF($C13="GLP Cusiana",Factores!$G$20,IF($C13="GLP Genérico",Factores!$G$21, "0")))))))))))))))) -> 0 | L13: =IF($C13="Kerosene",Factores!$H$6,IF($C13="Combustoleo",Factores!$H$7,IF($C13="Crudo de Castilla",Factores!$H$8,IF($C13="Avigas",Factores!$H$9,IF($C13="Jet A1",Factores!$H$10,IF($C13="Biodiesel palma",Factores!$H$11,IF($C13="Etanol Anhidro",Factores!$H$12,IF($C13="Fuel Oil # 4 - Ecopetrol",Factores!$H$13, IF($C13="Gasolina Motor",Factores!$H$14,IF($C13="Diesel Marino",Factores!$H$15,IF($C13="Diesel B2",Factores!$H$16,IF($C13="Gasolina E10 (Comercial)",Factores!$H$17,IF($C13="GLP Cartagena",Factores!$H$18,IF($C13="GLP Barrancabermeja",Factores!$H$19,IF($C13="GLP Cusiana",Factores!$H$20,IF($C13="GLP Genérico",Factores!$H$21, "0")))))))))))))))) -> 0 | M13: =IF($C13="Kerosene",Factores!$J$6,IF($C13="Combustoleo",Factores!$J$7,IF($C13="Crudo de Castilla",Factores!$J$8,IF($C13="Avigas",Factores!$J$9,IF($C13="Jet A1",Factores!$J$10,IF($C13="Biodiesel palma",Factores!$J$11,IF($C13="Etanol Anhidro",Factores!$J$12,IF($C13="Fuel Oil # 4 - Ecopetrol",Factores!$J$13, IF($C13="Gasolina Motor",Factores!$J$14,IF($C13="Diesel Marino",Factores!$J$15,IF($C13="Diesel B2",Factores!$J$16,IF($C13="Gasolina E10 (Comercial)",Factores!$J$17,IF($C13="GLP Cartagena",Factores!$J$18,IF($C13="GLP Barrancabermeja",Factores!$J$19,IF($C13="GLP Cusiana",Factores!$J$20,IF($C13="GLP Genérico",Factores!$J$21, "0")))))))))))))))) -> 0 | N13: =$J13*$I13 -> 0 | O13: =$K13*$I13 -> 0 | P13: =$I13*$L13 -> 0 | Q13: =$I13*$M13 -> 0
B14: 11 | E14: =D14*3.78541 -> 0 | F14: =IF($C14="Kerosene",Factores!$D$6,IF($C14="Combustoleo",Factores!$D$7,IF($C14="Crudo de Castilla",Factores!$D$8,IF($C14="Avigas",Factores!$D$9,IF($C14="Jet A1",Factores!$D$10,IF($C14="Biodiesel palma",Factores!$D$11,IF($C14="Etanol Anhidro",Factores!$D$12,IF($C14="Fuel Oil # 4 - Ecopetrol",Factores!$D$13, IF($C14="Gasolina Motor",Factores!$D$14,IF($C14="Diesel Marino",Factores!$D$15,IF($C14="Diesel B2",Factores!$D$16,IF($C14="Gasolina E10 (Comercial)",Factores!$D$17,IF($C14="GLP Cartagena",Factores!$D$18,IF($C14="GLP Barrancabermeja",Factores!$D$19,IF($C14="GLP Cusiana",Factores!$D$20,IF($C14="GLP Genérico",Factores!$D$21, "0")))))))))))))))) -> 0 | G14: =E14*F14 -> 0 | H14: =IF($C14="Kerosene",Factores!$E$6,IF($C14="Combustoleo",Factores!$E$7,IF($C14="Crudo de Castilla",Factores!$E$8,IF($C14="Avigas",Factores!$E$9,IF($C14="Jet A1",Factores!$E$10,IF($C14="Biodiesel palma",Factores!$E$11,IF($C14="Etanol Anhidro",Factores!$E$12,IF($C14="Fuel Oil # 4 - Ecopetrol",Factores!$E$13, IF($C14="Gasolina Motor",Factores!$E$14,IF($C14="Diesel Marino",Factores!$E$15,IF($C14="Diesel B2",Factores!$E$16,IF($C14="Gasolina E10 (Comercial)",Factores!$E$17,IF($C14="GLP Cartagena",Factores!$E$18,IF($C14="GLP Barrancabermeja",Factores!$E$19,IF($C14="GLP Cusiana",Factores!$E$20,IF($C14="GLP Genérico",Factores!$E$21, "0")))))))))))))))) -> 0 | I14: =(H14*G14)/1000000 -> 0 | J14: =IF($C14="Kerosene",Factores!$F$6,IF($C14="Combustoleo",Factores!$F$7,IF($C14="Crudo de Castilla",Factores!$F$8,IF($C14="Avigas",Factores!$F$9,IF($C14="Jet A1",Factores!$F$10,IF($C14="Biodiesel palma",Factores!$F$11,IF($C14="Etanol Anhidro",Factores!$F$12,IF($C14="Fuel Oil # 4 - Ecopetrol",Factores!$F$13, IF($C14="Gasolina Motor",Factores!$F$14,IF($C14="Diesel Marino",Factores!$F$15,IF($C14="Diesel B2",Factores!$F$16,IF($C14="Gasolina E10 (Comercial)",Factores!$F$17,IF($C14="GLP Cartagena",Factores!$F$18,IF($C14="GLP Barrancabermeja",Factores!$F$19,IF($C14="GLP Cusiana",Factores!$F$20,IF($C14="GLP Genérico",Factores!$F$21, "0")))))))))))))))) -> 0 | K14: =IF($C14="Kerosene",Factores!$G$6,IF($C14="Combustoleo",Factores!$G$7,IF($C14="Crudo de Castilla",Factores!$G$8,IF($C14="Avigas",Factores!$G$9,IF($C14="Jet A1",Factores!$G$10,IF($C14="Biodiesel palma",Factores!$G$11,IF($C14="Etanol Anhidro",Factores!$G$12,IF($C14="Fuel Oil # 4 - Ecopetrol",Factores!$G$13, IF($C14="Gasolina Motor",Factores!$G$14,IF($C14="Diesel Marino",Factores!$G$15,IF($C14="Diesel B2",Factores!$G$16,IF($C14="Gasolina E10 (Comercial)",Factores!$G$17,IF($C14="GLP Cartagena",Factores!$G$18,IF($C14="GLP Barrancabermeja",Factores!$G$19,IF($C14="GLP Cusiana",Factores!$G$20,IF($C14="GLP Genérico",Factores!$G$21, "0")))))))))))))))) -> 0 | L14: =IF($C14="Kerosene",Factores!$H$6,IF($C14="Combustoleo",Factores!$H$7,IF($C14="Crudo de Castilla",Factores!$H$8,IF($C14="Avigas",Factores!$H$9,IF($C14="Jet A1",Factores!$H$10,IF($C14="Biodiesel palma",Factores!$H$11,IF($C14="Etanol Anhidro",Factores!$H$12,IF($C14="Fuel Oil # 4 - Ecopetrol",Factores!$H$13, IF($C14="Gasolina Motor",Factores!$H$14,IF($C14="Diesel Marino",Factores!$H$15,IF($C14="Diesel B2",Factores!$H$16,IF($C14="Gasolina E10 (Comercial)",Factores!$H$17,IF($C14="GLP Cartagena",Factores!$H$18,IF($C14="GLP Barrancabermeja",Factores!$H$19,IF($C14="GLP Cusiana",Factores!$H$20,IF($C14="GLP Genérico",Factores!$H$21, "0")))))))))))))))) -> 0 | M14: =IF($C14="Kerosene",Factores!$J$6,IF($C14="Combustoleo",Factores!$J$7,IF($C14="Crudo de Castilla",Factores!$J$8,IF($C14="Avigas",Factores!$J$9,IF($C14="Jet A1",Factores!$J$10,IF($C14="Biodiesel palma",Factores!$J$11,IF($C14="Etanol Anhidro",Factores!$J$12,IF($C14="Fuel Oil # 4 - Ecopetrol",Factores!$J$13, IF($C14="Gasolina Motor",Factores!$J$14,IF($C14="Diesel Marino",Factores!$J$15,IF($C14="Diesel B2",Factores!$J$16,IF($C14="Gasolina E10 (Comercial)",Factores!$J$17,IF($C14="GLP Cartagena",Factores!$J$18,IF($C14="GLP Barrancabermeja",Factores!$J$19,IF($C14="GLP Cusiana",Factores!$J$20,IF($C14="GLP Genérico",Factores!$J$21, "0")))))))))))))))) -> 0 | N14: =$J14*$I14 -> 0 | O14: =$K14*$I14 -> 0 | P14: =$I14*$L14 -> 0 | Q14: =$I14*$M14 -> 0
B15: 12 | E15: =D15*3.78541 -> 0 | F15: =IF($C15="Kerosene",Factores!$D$6,IF($C15="Combustoleo",Factores!$D$7,IF($C15="Crudo de Castilla",Factores!$D$8,IF($C15="Avigas",Factores!$D$9,IF($C15="Jet A1",Factores!$D$10,IF($C15="Biodiesel palma",Factores!$D$11,IF($C15="Etanol Anhidro",Factores!$D$12,IF($C15="Fuel Oil # 4 - Ecopetrol",Factores!$D$13, IF($C15="Gasolina Motor",Factores!$D$14,IF($C15="Diesel Marino",Factores!$D$15,IF($C15="Diesel B2",Factores!$D$16,IF($C15="Gasolina E10 (Comercial)",Factores!$D$17,IF($C15="GLP Cartagena",Factores!$D$18,IF($C15="GLP Barrancabermeja",Factores!$D$19,IF($C15="GLP Cusiana",Factores!$D$20,IF($C15="GLP Genérico",Factores!$D$21, "0")))))))))))))))) -> 0 | G15: =E15*F15 -> 0 | H15: =IF($C15="Kerosene",Factores!$E$6,IF($C15="Combustoleo",Factores!$E$7,IF($C15="Crudo de Castilla",Factores!$E$8,IF($C15="Avigas",Factores!$E$9,IF($C15="Jet A1",Factores!$E$10,IF($C15="Biodiesel palma",Factores!$E$11,IF($C15="Etanol Anhidro",Factores!$E$12,IF($C15="Fuel Oil # 4 - Ecopetrol",Factores!$E$13, IF($C15="Gasolina Motor",Factores!$E$14,IF($C15="Diesel Marino",Factores!$E$15,IF($C15="Diesel B2",Factores!$E$16,IF($C15="Gasolina E10 (Comercial)",Factores!$E$17,IF($C15="GLP Cartagena",Factores!$E$18,IF($C15="GLP Barrancabermeja",Factores!$E$19,IF($C15="GLP Cusiana",Factores!$E$20,IF($C15="GLP Genérico",Factores!$E$21, "0")))))))))))))))) -> 0 | I15: =(H15*G15)/1000000 -> 0 | J15: =IF($C15="Kerosene",Factores!$F$6,IF($C15="Combustoleo",Factores!$F$7,IF($C15="Crudo de Castilla",Factores!$F$8,IF($C15="Avigas",Factores!$F$9,IF($C15="Jet A1",Factores!$F$10,IF($C15="Biodiesel palma",Factores!$F$11,IF($C15="Etanol Anhidro",Factores!$F$12,IF($C15="Fuel Oil # 4 - Ecopetrol",Factores!$F$13, IF($C15="Gasolina Motor",Factores!$F$14,IF($C15="Diesel Marino",Factores!$F$15,IF($C15="Diesel B2",Factores!$F$16,IF($C15="Gasolina E10 (Comercial)",Factores!$F$17,IF($C15="GLP Cartagena",Factores!$F$18,IF($C15="GLP Barrancabermeja",Factores!$F$19,IF($C15="GLP Cusiana",Factores!$F$20,IF($C15="GLP Genérico",Factores!$F$21, "0")))))))))))))))) -> 0 | K15: =IF($C15="Kerosene",Factores!$G$6,IF($C15="Combustoleo",Factores!$G$7,IF($C15="Crudo de Castilla",Factores!$G$8,IF($C15="Avigas",Factores!$G$9,IF($C15="Jet A1",Factores!$G$10,IF($C15="Biodiesel palma",Factores!$G$11,IF($C15="Etanol Anhidro",Factores!$G$12,IF($C15="Fuel Oil # 4 - Ecopetrol",Factores!$G$13, IF($C15="Gasolina Motor",Factores!$G$14,IF($C15="Diesel Marino",Factores!$G$15,IF($C15="Diesel B2",Factores!$G$16,IF($C15="Gasolina E10 (Comercial)",Factores!$G$17,IF($C15="GLP Cartagena",Factores!$G$18,IF($C15="GLP Barrancabermeja",Factores!$G$19,IF($C15="GLP Cusiana",Factores!$G$20,IF($C15="GLP Genérico",Factores!$G$21, "0")))))))))))))))) -> 0 | L15: =IF($C15="Kerosene",Factores!$H$6,IF($C15="Combustoleo",Factores!$H$7,IF($C15="Crudo de Castilla",Factores!$H$8,IF($C15="Avigas",Factores!$H$9,IF($C15="Jet A1",Factores!$H$10,IF($C15="Biodiesel palma",Factores!$H$11,IF($C15="Etanol Anhidro",Factores!$H$12,IF($C15="Fuel Oil # 4 - Ecopetrol",Factores!$H$13, IF($C15="Gasolina Motor",Factores!$H$14,IF($C15="Diesel Marino",Factores!$H$15,IF($C15="Diesel B2",Factores!$H$16,IF($C15="Gasolina E10 (Comercial)",Factores!$H$17,IF($C15="GLP Cartagena",Factores!$H$18,IF($C15="GLP Barrancabermeja",Factores!$H$19,IF($C15="GLP Cusiana",Factores!$H$20,IF($C15="GLP Genérico",Factores!$H$21, "0")))))))))))))))) -> 0 | M15: =IF($C15="Kerosene",Factores!$J$6,IF($C15="Combustoleo",Factores!$J$7,IF($C15="Crudo de Castilla",Factores!$J$8,IF($C15="Avigas",Factores!$J$9,IF($C15="Jet A1",Factores!$J$10,IF($C15="Biodiesel palma",Factores!$J$11,IF($C15="Etanol Anhidro",Factores!$J$12,IF($C15="Fuel Oil # 4 - Ecopetrol",Factores!$J$13, IF($C15="Gasolina Motor",Factores!$J$14,IF($C15="Diesel Marino",Factores!$J$15,IF($C15="Diesel B2",Factores!$J$16,IF($C15="Gasolina E10 (Comercial)",Factores!$J$17,IF($C15="GLP Cartagena",Factores!$J$18,IF($C15="GLP Barrancabermeja",Factores!$J$19,IF($C15="GLP Cusiana",Factores!$J$20,IF($C15="GLP Genérico",Factores!$J$21, "0")))))))))))))))) -> 0 | N15: =$J15*$I15 -> 0 | O15: =$K15*$I15 -> 0 | P15: =$I15*$L15 -> 0 | Q15: =$I15*$M15 -> 0
B16: 13 | E16: =D16*3.78541 -> 0 | F16: =IF($C16="Kerosene",Factores!$D$6,IF($C16="Combustoleo",Factores!$D$7,IF($C16="Crudo de Castilla",Factores!$D$8,IF($C16="Avigas",Factores!$D$9,IF($C16="Jet A1",Factores!$D$10,IF($C16="Biodiesel palma",Factores!$D$11,IF($C16="Etanol Anhidro",Factores!$D$12,IF($C16="Fuel Oil # 4 - Ecopetrol",Factores!$D$13, IF($C16="Gasolina Motor",Factores!$D$14,IF($C16="Diesel Marino",Factores!$D$15,IF($C16="Diesel B2",Factores!$D$16,IF($C16="Gasolina E10 (Comercial)",Factores!$D$17,IF($C16="GLP Cartagena",Factores!$D$18,IF($C16="GLP Barrancabermeja",Factores!$D$19,IF($C16="GLP Cusiana",Factores!$D$20,IF($C16="GLP Genérico",Factores!$D$21, "0")))))))))))))))) -> 0 | G16: =E16*F16 -> 0 | H16: =IF($C16="Kerosene",Factores!$E$6,IF($C16="Combustoleo",Factores!$E$7,IF($C16="Crudo de Castilla",Factores!$E$8,IF($C16="Avigas",Factores!$E$9,IF($C16="Jet A1",Factores!$E$10,IF($C16="Biodiesel palma",Factores!$E$11,IF($C16="Etanol Anhidro",Factores!$E$12,IF($C16="Fuel Oil # 4 - Ecopetrol",Factores!$E$13, IF($C16="Gasolina Motor",Factores!$E$14,IF($C16="Diesel Marino",Factores!$E$15,IF($C16="Diesel B2",Factores!$E$16,IF($C16="Gasolina E10 (Comercial)",Factores!$E$17,IF($C16="GLP Cartagena",Factores!$E$18,IF($C16="GLP Barrancabermeja",Factores!$E$19,IF($C16="GLP Cusiana",Factores!$E$20,IF($C16="GLP Genérico",Factores!$E$21, "0")))))))))))))))) -> 0 | I16: =(H16*G16)/1000000 -> 0 | J16: =IF($C16="Kerosene",Factores!$F$6,IF($C16="Combustoleo",Factores!$F$7,IF($C16="Crudo de Castilla",Factores!$F$8,IF($C16="Avigas",Factores!$F$9,IF($C16="Jet A1",Factores!$F$10,IF($C16="Biodiesel palma",Factores!$F$11,IF($C16="Etanol Anhidro",Factores!$F$12,IF($C16="Fuel Oil # 4 - Ecopetrol",Factores!$F$13, IF($C16="Gasolina Motor",Factores!$F$14,IF($C16="Diesel Marino",Factores!$F$15,IF($C16="Diesel B2",Factores!$F$16,IF($C16="Gasolina E10 (Comercial)",Factores!$F$17,IF($C16="GLP Cartagena",Factores!$F$18,IF($C16="GLP Barrancabermeja",Factores!$F$19,IF($C16="GLP Cusiana",Factores!$F$20,IF($C16="GLP Genérico",Factores!$F$21, "0")))))))))))))))) -> 0 | K16: =IF($C16="Kerosene",Factores!$G$6,IF($C16="Combustoleo",Factores!$G$7,IF($C16="Crudo de Castilla",Factores!$G$8,IF($C16="Avigas",Factores!$G$9,IF($C16="Jet A1",Factores!$G$10,IF($C16="Biodiesel palma",Factores!$G$11,IF($C16="Etanol Anhidro",Factores!$G$12,IF($C16="Fuel Oil # 4 - Ecopetrol",Factores!$G$13, IF($C16="Gasolina Motor",Factores!$G$14,IF($C16="Diesel Marino",Factores!$G$15,IF($C16="Diesel B2",Factores!$G$16,IF($C16="Gasolina E10 (Comercial)",Factores!$G$17,IF($C16="GLP Cartagena",Factores!$G$18,IF($C16="GLP Barrancabermeja",Factores!$G$19,IF($C16="GLP Cusiana",Factores!$G$20,IF($C16="GLP Genérico",Factores!$G$21, "0")))))))))))))))) -> 0 | L16: =IF($C16="Kerosene",Factores!$H$6,IF($C16="Combustoleo",Factores!$H$7,IF($C16="Crudo de Castilla",Factores!$H$8,IF($C16="Avigas",Factores!$H$9,IF($C16="Jet A1",Factores!$H$10,IF($C16="Biodiesel palma",Factores!$H$11,IF($C16="Etanol Anhidro",Factores!$H$12,IF($C16="Fuel Oil # 4 - Ecopetrol",Factores!$H$13, IF($C16="Gasolina Motor",Factores!$H$14,IF($C16="Diesel Marino",Factores!$H$15,IF($C16="Diesel B2",Factores!$H$16,IF($C16="Gasolina E10 (Comercial)",Factores!$H$17,IF($C16="GLP Cartagena",Factores!$H$18,IF($C16="GLP Barrancabermeja",Factores!$H$19,IF($C16="GLP Cusiana",Factores!$H$20,IF($C16="GLP Genérico",Factores!$H$21, "0")))))))))))))))) -> 0 | M16: =IF($C16="Kerosene",Factores!$J$6,IF($C16="Combustoleo",Factores!$J$7,IF($C16="Crudo de Castilla",Factores!$J$8,IF($C16="Avigas",Factores!$J$9,IF($C16="Jet A1",Factores!$J$10,IF($C16="Biodiesel palma",Factores!$J$11,IF($C16="Etanol Anhidro",Factores!$J$12,IF($C16="Fuel Oil # 4 - Ecopetrol",Factores!$J$13, IF($C16="Gasolina Motor",Factores!$J$14,IF($C16="Diesel Marino",Factores!$J$15,IF($C16="Diesel B2",Factores!$J$16,IF($C16="Gasolina E10 (Comercial)",Factores!$J$17,IF($C16="GLP Cartagena",Factores!$J$18,IF($C16="GLP Barrancabermeja",Factores!$J$19,IF($C16="GLP Cusiana",Factores!$J$20,IF($C16="GLP Genérico",Factores!$J$21, "0")))))))))))))))) -> 0 | N16: =$J16*$I16 -> 0 | O16: =$K16*$I16 -> 0 | P16: =$I16*$L16 -> 0 | Q16: =$I16*$M16 -> 0
B17: 14 | E17: =D17*3.78541 -> 0 | F17: =IF($C17="Kerosene",Factores!$D$6,IF($C17="Combustoleo",Factores!$D$7,IF($C17="Crudo de Castilla",Factores!$D$8,IF($C17="Avigas",Factores!$D$9,IF($C17="Jet A1",Factores!$D$10,IF($C17="Biodiesel palma",Factores!$D$11,IF($C17="Etanol Anhidro",Factores!$D$12,IF($C17="Fuel Oil # 4 - Ecopetrol",Factores!$D$13, IF($C17="Gasolina Motor",Factores!$D$14,IF($C17="Diesel Marino",Factores!$D$15,IF($C17="Diesel B2",Factores!$D$16,IF($C17="Gasolina E10 (Comercial)",Factores!$D$17,IF($C17="GLP Cartagena",Factores!$D$18,IF($C17="GLP Barrancabermeja",Factores!$D$19,IF($C17="GLP Cusiana",Factores!$D$20,IF($C17="GLP Genérico",Factores!$D$21, "0")))))))))))))))) -> 0 | G17: =E17*F17 -> 0 | H17: =IF($C17="Kerosene",Factores!$E$6,IF($C17="Combustoleo",Factores!$E$7,IF($C17="Crudo de Castilla",Factores!$E$8,IF($C17="Avigas",Factores!$E$9,IF($C17="Jet A1",Factores!$E$10,IF($C17="Biodiesel palma",Factores!$E$11,IF($C17="Etanol Anhidro",Factores!$E$12,IF($C17="Fuel Oil # 4 - Ecopetrol",Factores!$E$13, IF($C17="Gasolina Motor",Factores!$E$14,IF($C17="Diesel Marino",Factores!$E$15,IF($C17="Diesel B2",Factores!$E$16,IF($C17="Gasolina E10 (Comercial)",Factores!$E$17,IF($C17="GLP Cartagena",Factores!$E$18,IF($C17="GLP Barrancabermeja",Factores!$E$19,IF($C17="GLP Cusiana",Factores!$E$20,IF($C17="GLP Genérico",Factores!$E$21, "0")))))))))))))))) -> 0 | I17: =(H17*G17)/1000000 -> 0 | J17: =IF($C17="Kerosene",Factores!$F$6,IF($C17="Combustoleo",Factores!$F$7,IF($C17="Crudo de Castilla",Factores!$F$8,IF($C17="Avigas",Factores!$F$9,IF($C17="Jet A1",Factores!$F$10,IF($C17="Biodiesel palma",Factores!$F$11,IF($C17="Etanol Anhidro",Factores!$F$12,IF($C17="Fuel Oil # 4 - Ecopetrol",Factores!$F$13, IF($C17="Gasolina Motor",Factores!$F$14,IF($C17="Diesel Marino",Factores!$F$15,IF($C17="Diesel B2",Factores!$F$16,IF($C17="Gasolina E10 (Comercial)",Factores!$F$17,IF($C17="GLP Cartagena",Factores!$F$18,IF($C17="GLP Barrancabermeja",Factores!$F$19,IF($C17="GLP Cusiana",Factores!$F$20,IF($C17="GLP Genérico",Factores!$F$21, "0")))))))))))))))) -> 0 | K17: =IF($C17="Kerosene",Factores!$G$6,IF($C17="Combustoleo",Factores!$G$7,IF($C17="Crudo de Castilla",Factores!$G$8,IF($C17="Avigas",Factores!$G$9,IF($C17="Jet A1",Factores!$G$10,IF($C17="Biodiesel palma",Factores!$G$11,IF($C17="Etanol Anhidro",Factores!$G$12,IF($C17="Fuel Oil # 4 - Ecopetrol",Factores!$G$13, IF($C17="Gasolina Motor",Factores!$G$14,IF($C17="Diesel Marino",Factores!$G$15,IF($C17="Diesel B2",Factores!$G$16,IF($C17="Gasolina E10 (Comercial)",Factores!$G$17,IF($C17="GLP Cartagena",Factores!$G$18,IF($C17="GLP Barrancabermeja",Factores!$G$19,IF($C17="GLP Cusiana",Factores!$G$20,IF($C17="GLP Genérico",Factores!$G$21, "0")))))))))))))))) -> 0 | L17: =IF($C17="Kerosene",Factores!$H$6,IF($C17="Combustoleo",Factores!$H$7,IF($C17="Crudo de Castilla",Factores!$H$8,IF($C17="Avigas",Factores!$H$9,IF($C17="Jet A1",Factores!$H$10,IF($C17="Biodiesel palma",Factores!$H$11,IF($C17="Etanol Anhidro",Factores!$H$12,IF($C17="Fuel Oil # 4 - Ecopetrol",Factores!$H$13, IF($C17="Gasolina Motor",Factores!$H$14,IF($C17="Diesel Marino",Factores!$H$15,IF($C17="Diesel B2",Factores!$H$16,IF($C17="Gasolina E10 (Comercial)",Factores!$H$17,IF($C17="GLP Cartagena",Factores!$H$18,IF($C17="GLP Barrancabermeja",Factores!$H$19,IF($C17="GLP Cusiana",Factores!$H$20,IF($C17="GLP Genérico",Factores!$H$21, "0")))))))))))))))) -> 0 | M17: =IF($C17="Kerosene",Factores!$J$6,IF($C17="Combustoleo",Factores!$J$7,IF($C17="Crudo de Castilla",Factores!$J$8,IF($C17="Avigas",Factores!$J$9,IF($C17="Jet A1",Factores!$J$10,IF($C17="Biodiesel palma",Factores!$J$11,IF($C17="Etanol Anhidro",Factores!$J$12,IF($C17="Fuel Oil # 4 - Ecopetrol",Factores!$J$13, IF($C17="Gasolina Motor",Factores!$J$14,IF($C17="Diesel Marino",Factores!$J$15,IF($C17="Diesel B2",Factores!$J$16,IF($C17="Gasolina E10 (Comercial)",Factores!$J$17,IF($C17="GLP Cartagena",Factores!$J$18,IF($C17="GLP Barrancabermeja",Factores!$J$19,IF($C17="GLP Cusiana",Factores!$J$20,IF($C17="GLP Genérico",Factores!$J$21, "0")))))))))))))))) -> 0 | N17: =$J17*$I17 -> 0 | O17: =$K17*$I17 -> 0 | P17: =$I17*$L17 -> 0 | Q17: =$I17*$M17 -> 0
B18: 15 | E18: =D18*3.78541 -> 0 | F18: =IF($C18="Kerosene",Factores!$D$6,IF($C18="Combustoleo",Factores!$D$7,IF($C18="Crudo de Castilla",Factores!$D$8,IF($C18="Avigas",Factores!$D$9,IF($C18="Jet A1",Factores!$D$10,IF($C18="Biodiesel palma",Factores!$D$11,IF($C18="Etanol Anhidro",Factores!$D$12,IF($C18="Fuel Oil # 4 - Ecopetrol",Factores!$D$13, IF($C18="Gasolina Motor",Factores!$D$14,IF($C18="Diesel Marino",Factores!$D$15,IF($C18="Diesel B2",Factores!$D$16,IF($C18="Gasolina E10 (Comercial)",Factores!$D$17,IF($C18="GLP Cartagena",Factores!$D$18,IF($C18="GLP Barrancabermeja",Factores!$D$19,IF($C18="GLP Cusiana",Factores!$D$20,IF($C18="GLP Genérico",Factores!$D$21, "0")))))))))))))))) -> 0 | G18: =E18*F18 -> 0 | H18: =IF($C18="Kerosene",Factores!$E$6,IF($C18="Combustoleo",Factores!$E$7,IF($C18="Crudo de Castilla",Factores!$E$8,IF($C18="Avigas",Factores!$E$9,IF($C18="Jet A1",Factores!$E$10,IF($C18="Biodiesel palma",Factores!$E$11,IF($C18="Etanol Anhidro",Factores!$E$12,IF($C18="Fuel Oil # 4 - Ecopetrol",Factores!$E$13, IF($C18="Gasolina Motor",Factores!$E$14,IF($C18="Diesel Marino",Factores!$E$15,IF($C18="Diesel B2",Factores!$E$16,IF($C18="Gasolina E10 (Comercial)",Factores!$E$17,IF($C18="GLP Cartagena",Factores!$E$18,IF($C18="GLP Barrancabermeja",Factores!$E$19,IF($C18="GLP Cusiana",Factores!$E$20,IF($C18="GLP Genérico",Factores!$E$21, "0")))))))))))))))) -> 0 | I18: =(H18*G18)/1000000 -> 0 | J18: =IF($C18="Kerosene",Factores!$F$6,IF($C18="Combustoleo",Factores!$F$7,IF($C18="Crudo de Castilla",Factores!$F$8,IF($C18="Avigas",Factores!$F$9,IF($C18="Jet A1",Factores!$F$10,IF($C18="Biodiesel palma",Factores!$F$11,IF($C18="Etanol Anhidro",Factores!$F$12,IF($C18="Fuel Oil # 4 - Ecopetrol",Factores!$F$13, IF($C18="Gasolina Motor",Factores!$F$14,IF($C18="Diesel Marino",Factores!$F$15,IF($C18="Diesel B2",Factores!$F$16,IF($C18="Gasolina E10 (Comercial)",Factores!$F$17,IF($C18="GLP Cartagena",Factores!$F$18,IF($C18="GLP Barrancabermeja",Factores!$F$19,IF($C18="GLP Cusiana",Factores!$F$20,IF($C18="GLP Genérico",Factores!$F$21, "0")))))))))))))))) -> 0 | K18: =IF($C18="Kerosene",Factores!$G$6,IF($C18="Combustoleo",Factores!$G$7,IF($C18="Crudo de Castilla",Factores!$G$8,IF($C18="Avigas",Factores!$G$9,IF($C18="Jet A1",Factores!$G$10,IF($C18="Biodiesel palma",Factores!$G$11,IF($C18="Etanol Anhidro",Factores!$G$12,IF($C18="Fuel Oil # 4 - Ecopetrol",Factores!$G$13, IF($C18="Gasolina Motor",Factores!$G$14,IF($C18="Diesel Marino",Factores!$G$15,IF($C18="Diesel B2",Factores!$G$16,IF($C18="Gasolina E10 (Comercial)",Factores!$G$17,IF($C18="GLP Cartagena",Factores!$G$18,IF($C18="GLP Barrancabermeja",Factores!$G$19,IF($C18="GLP Cusiana",Factores!$G$20,IF($C18="GLP Genérico",Factores!$G$21, "0")))))))))))))))) -> 0 | L18: =IF($C18="Kerosene",Factores!$H$6,IF($C18="Combustoleo",Factores!$H$7,IF($C18="Crudo de Castilla",Factores!$H$8,IF($C18="Avigas",Factores!$H$9,IF($C18="Jet A1",Factores!$H$10,IF($C18="Biodiesel palma",Factores!$H$11,IF($C18="Etanol Anhidro",Factores!$H$12,IF($C18="Fuel Oil # 4 - Ecopetrol",Factores!$H$13, IF($C18="Gasolina Motor",Factores!$H$14,IF($C18="Diesel Marino",Factores!$H$15,IF($C18="Diesel B2",Factores!$H$16,IF($C18="Gasolina E10 (Comercial)",Factores!$H$17,IF($C18="GLP Cartagena",Factores!$H$18,IF($C18="GLP Barrancabermeja",Factores!$H$19,IF($C18="GLP Cusiana",Factores!$H$20,IF($C18="GLP Genérico",Factores!$H$21, "0")))))))))))))))) -> 0 | M18: =IF($C18="Kerosene",Factores!$J$6,IF($C18="Combustoleo",Factores!$J$7,IF($C18="Crudo de Castilla",Factores!$J$8,IF($C18="Avigas",Factores!$J$9,IF($C18="Jet A1",Factores!$J$10,IF($C18="Biodiesel palma",Factores!$J$11,IF($C18="Etanol Anhidro",Factores!$J$12,IF($C18="Fuel Oil # 4 - Ecopetrol",Factores!$J$13, IF($C18="Gasolina Motor",Factores!$J$14,IF($C18="Diesel Marino",Factores!$J$15,IF($C18="Diesel B2",Factores!$J$16,IF($C18="Gasolina E10 (Comercial)",Factores!$J$17,IF($C18="GLP Cartagena",Factores!$J$18,IF($C18="GLP Barrancabermeja",Factores!$J$19,IF($C18="GLP Cusiana",Factores!$J$20,IF($C18="GLP Genérico",Factores!$J$21, "0")))))))))))))))) -> 0 | N18: =$J18*$I18 -> 0 | O18: =$K18*$I18 -> 0 | P18: =$I18*$L18 -> 0 | Q18: =$I18*$M18 -> 0
B19: 16 | E19: =D19*3.78541 -> 0 | F19: =IF($C19="Kerosene",Factores!$D$6,IF($C19="Combustoleo",Factores!$D$7,IF($C19="Crudo de Castilla",Factores!$D$8,IF($C19="Avigas",Factores!$D$9,IF($C19="Jet A1",Factores!$D$10,IF($C19="Biodiesel palma",Factores!$D$11,IF($C19="Etanol Anhidro",Factores!$D$12,IF($C19="Fuel Oil # 4 - Ecopetrol",Factores!$D$13, IF($C19="Gasolina Motor",Factores!$D$14,IF($C19="Diesel Marino",Factores!$D$15,IF($C19="Diesel B2",Factores!$D$16,IF($C19="Gasolina E10 (Comercial)",Factores!$D$17,IF($C19="GLP Cartagena",Factores!$D$18,IF($C19="GLP Barrancabermeja",Factores!$D$19,IF($C19="GLP Cusiana",Factores!$D$20,IF($C19="GLP Genérico",Factores!$D$21, "0")))))))))))))))) -> 0 | G19: =E19*F19 -> 0 | H19: =IF($C19="Kerosene",Factores!$E$6,IF($C19="Combustoleo",Factores!$E$7,IF($C19="Crudo de Castilla",Factores!$E$8,IF($C19="Avigas",Factores!$E$9,IF($C19="Jet A1",Factores!$E$10,IF($C19="Biodiesel palma",Factores!$E$11,IF($C19="Etanol Anhidro",Factores!$E$12,IF($C19="Fuel Oil # 4 - Ecopetrol",Factores!$E$13, IF($C19="Gasolina Motor",Factores!$E$14,IF($C19="Diesel Marino",Factores!$E$15,IF($C19="Diesel B2",Factores!$E$16,IF($C19="Gasolina E10 (Comercial)",Factores!$E$17,IF($C19="GLP Cartagena",Factores!$E$18,IF($C19="GLP Barrancabermeja",Factores!$E$19,IF($C19="GLP Cusiana",Factores!$E$20,IF($C19="GLP Genérico",Factores!$E$21, "0")))))))))))))))) -> 0 | I19: =(H19*G19)/1000000 -> 0 | J19: =IF($C19="Kerosene",Factores!$F$6,IF($C19="Combustoleo",Factores!$F$7,IF($C19="Crudo de Castilla",Factores!$F$8,IF($C19="Avigas",Factores!$F$9,IF($C19="Jet A1",Factores!$F$10,IF($C19="Biodiesel palma",Factores!$F$11,IF($C19="Etanol Anhidro",Factores!$F$12,IF($C19="Fuel Oil # 4 - Ecopetrol",Factores!$F$13, IF($C19="Gasolina Motor",Factores!$F$14,IF($C19="Diesel Marino",Factores!$F$15,IF($C19="Diesel B2",Factores!$F$16,IF($C19="Gasolina E10 (Comercial)",Factores!$F$17,IF($C19="GLP Cartagena",Factores!$F$18,IF($C19="GLP Barrancabermeja",Factores!$F$19,IF($C19="GLP Cusiana",Factores!$F$20,IF($C19="GLP Genérico",Factores!$F$21, "0")))))))))))))))) -> 0 | K19: =IF($C19="Kerosene",Factores!$G$6,IF($C19="Combustoleo",Factores!$G$7,IF($C19="Crudo de Castilla",Factores!$G$8,IF($C19="Avigas",Factores!$G$9,IF($C19="Jet A1",Factores!$G$10,IF($C19="Biodiesel palma",Factores!$G$11,IF($C19="Etanol Anhidro",Factores!$G$12,IF($C19="Fuel Oil # 4 - Ecopetrol",Factores!$G$13, IF($C19="Gasolina Motor",Factores!$G$14,IF($C19="Diesel Marino",Factores!$G$15,IF($C19="Diesel B2",Factores!$G$16,IF($C19="Gasolina E10 (Comercial)",Factores!$G$17,IF($C19="GLP Cartagena",Factores!$G$18,IF($C19="GLP Barrancabermeja",Factores!$G$19,IF($C19="GLP Cusiana",Factores!$G$20,IF($C19="GLP Genérico",Factores!$G$21, "0")))))))))))))))) -> 0 | L19: =IF($C19="Kerosene",Factores!$H$6,IF($C19="Combustoleo",Factores!$H$7,IF($C19="Crudo de Castilla",Factores!$H$8,IF($C19="Avigas",Factores!$H$9,IF($C19="Jet A1",Factores!$H$10,IF($C19="Biodiesel palma",Factores!$H$11,IF($C19="Etanol Anhidro",Factores!$H$12,IF($C19="Fuel Oil # 4 - Ecopetrol",Factores!$H$13, IF($C19="Gasolina Motor",Factores!$H$14,IF($C19="Diesel Marino",Factores!$H$15,IF($C19="Diesel B2",Factores!$H$16,IF($C19="Gasolina E10 (Comercial)",Factores!$H$17,IF($C19="GLP Cartagena",Factores!$H$18,IF($C19="GLP Barrancabermeja",Factores!$H$19,IF($C19="GLP Cusiana",Factores!$H$20,IF($C19="GLP Genérico",Factores!$H$21, "0")))))))))))))))) -> 0 | M19: =IF($C19="Kerosene",Factores!$J$6,IF($C19="Combustoleo",Factores!$J$7,IF($C19="Crudo de Castilla",Factores!$J$8,IF($C19="Avigas",Factores!$J$9,IF($C19="Jet A1",Factores!$J$10,IF($C19="Biodiesel palma",Factores!$J$11,IF($C19="Etanol Anhidro",Factores!$J$12,IF($C19="Fuel Oil # 4 - Ecopetrol",Factores!$J$13, IF($C19="Gasolina Motor",Factores!$J$14,IF($C19="Diesel Marino",Factores!$J$15,IF($C19="Diesel B2",Factores!$J$16,IF($C19="Gasolina E10 (Comercial)",Factores!$J$17,IF($C19="GLP Cartagena",Factores!$J$18,IF($C19="GLP Barrancabermeja",Factores!$J$19,IF($C19="GLP Cusiana",Factores!$J$20,IF($C19="GLP Genérico",Factores!$J$21, "0")))))))))))))))) -> 0 | N19: =$J19*$I19 -> 0 | O19: =$K19*$I19 -> 0 | P19: =$I19*$L19 -> 0 | Q19: =$I19*$M19 -> 0
N20: =SUM(N4:N19) -> 423.42128 | O20: =SUM(O4:O19) -> 0.017179741 | P20: =SUM(P4:P19) -> 0.0034359482 | Q20: =SUM(Q4:Q19) -> 0.24051752
C21: Seleccione | D21: Digite el valor
B23: ALCANCE 1. EMISIONES DIRECTAS POR CONSUMO DE COMBUSTIBLES FÓSILES LIQUIDOS DE FUENTES MÓVILES
B25: No. | C25: Combustibles | D25: Consumo anual (gal) | E25: Consumo anual (l) | F25: Densidad (kg/l) | G25: Masa de combustible (kg) | H25: Poder calorífico (MJ/kg) | I25: Consumo de energía (TJ) | J25: Factor de emisión CO2 (Kg CO2 / TJ) | K25: Factor de emisión CH4 (Kg CH4 / TJ) | L25: Factor de emisión N2O (Kg N2O / TJ) | M25: Factor de emisión SO2 (Kg SO2 / TJ) | N25: Emisión CO2 (Kg CO2 / TJ) | O25: Emisión CH4 (Kg CH4 / TJ) | P25: Emisión N2O (Kg N2O / TJ) | Q25: Emisión SO2 (Kg SO2 / TJ) | R25: EMISIONES TOTALES (Ton CO2 eq)
B26: 1 | R26: =SUM(N42,O42,P42,Q42)/1000 -> 0.42368241
B27: 2
B28: 3 | C28: Kerosene | D28: 44 | E28: =D28*3.78541 -> 166.55804 | F28: =IF($C28="Kerosene",Factores!$D$6,IF($C28="Combustoleo",Factores!$D$7,IF($C28="Crudo de Castilla",Factores!$D$8,IF($C28="Avigas",Factores!$D$9,IF($C28="Jet A1",Factores!$D$10,IF($C28="Biodiesel palma",Factores!$D$11,IF($C28="Etanol Anhidro",Factores!$D$12,IF($C28="Fuel Oil # 4 - Ecopetrol",Factores!$D$13, IF($C28="Gasolina Motor",Factores!$D$14,IF($C28="Diesel Marino",Factores!$D$15,IF($C28="Diesel B2",Factores!$D$16,IF($C28="Gasolina E10 (Comercial)",Factores!$D$17,IF($C28="GLP Cartagena",Factores!$D$18,IF($C28="GLP Barrancabermeja",Factores!$D$19,IF($C28="GLP Cusiana",Factores!$D$20,IF($C28="GLP Genérico",Factores!$D$21, "0")))))))))))))))) -> 0.803 | G28: =E28*F28 -> 133.74611 | H28: =IF($C28="Kerosene",Factores!$E$6,IF($C28="Combustoleo",Factores!$E$7,IF($C28="Crudo de Castilla",Factores!$E$8,IF($C28="Avigas",Factores!$E$9,IF($C28="Jet A1",Factores!$E$10,IF($C28="Biodiesel palma",Factores!$E$11,IF($C28="Etanol Anhidro",Factores!$E$12,IF($C28="Fuel Oil # 4 - Ecopetrol",Factores!$E$13, IF($C28="Gasolina Motor",Factores!$E$14,IF($C28="Diesel Marino",Factores!$E$15,IF($C28="Diesel B2",Factores!$E$16,IF($C28="Gasolina E10 (Comercial)",Factores!$E$17,IF($C28="GLP Cartagena",Factores!$E$18,IF($C28="GLP Barrancabermeja",Factores!$E$19,IF($C28="GLP Cusiana",Factores!$E$20,IF($C28="GLP Genérico",Factores!$E$21, "0")))))))))))))))) -> 42.8168 | I28: =(H28*G28)/1000000 -> 0.0057265803 | J28: =IF($C28="Kerosene",Factores!$F$6,IF($C28="Combustoleo",Factores!$F$7,IF($C28="Crudo de Castilla",Factores!$F$8,IF($C28="Avigas",Factores!$F$9,IF($C28="Jet A1",Factores!$F$10,IF($C28="Biodiesel palma",Factores!$F$11,IF($C28="Etanol Anhidro",Factores!$F$12,IF($C28="Fuel Oil # 4 - Ecopetrol",Factores!$F$13, IF($C28="Gasolina Motor",Factores!$F$14,IF($C28="Diesel Marino",Factores!$F$15,IF($C28="Diesel B2",Factores!$F$16,IF($C28="Gasolina E10 (Comercial)",Factores!$F$17,IF($C28="GLP Cartagena",Factores!$F$18,IF($C28="GLP Barrancabermeja",Factores!$F$19,IF($C28="GLP Cusiana",Factores!$F$20,IF($C28="GLP Genérico",Factores!$F$21, "0")))))))))))))))) -> 73939.639 | K28: =IF($C28="Kerosene",Factores!$G$6,IF($C28="Combustoleo",Factores!$G$7,IF($C28="Crudo de Castilla",Factores!$G$8,IF($C28="Avigas",Factores!$G$9,IF($C28="Jet A1",Factores!$G$10,IF($C28="Biodiesel palma",Factores!$G$11,IF($C28="Etanol Anhidro",Factores!$G$12,IF($C28="Fuel Oil # 4 - Ecopetrol",Factores!$G$13, IF($C28="Gasolina Motor",Factores!$G$14,IF($C28="Diesel Marino",Factores!$G$15,IF($C28="Diesel B2",Factores!$G$16,IF($C28="Gasolina E10 (Comercial)",Factores!$G$17,IF($C28="GLP Cartagena",Factores!$G$18,IF($C28="GLP Barrancabermeja",Factores!$G$19,IF($C28="GLP Cusiana",Factores!$G$20,IF($C28="GLP Genérico",Factores!$G$21, "0")))))))))))))))) -> 3 | L28: =IF($C28="Kerosene",Factores!$I$6,IF($C28="Combustoleo",Factores!$I$7,IF($C28="Crudo de Castilla",Factores!$I$8,IF($C28="Avigas",Factores!$I$9,IF($C28="Jet A1",Factores!$I$10,IF($C28="Biodiesel palma",Factores!$I$11,IF($C28="Etanol Anhidro",Factores!$I$12,IF($C28="Fuel Oil # 4 - Ecopetrol",Factores!$I$13, IF($C28="Gasolina Motor",Factores!$I$14,IF($C28="Diesel Marino",Factores!$I$15,IF($C28="Diesel B2",Factores!$I$16,IF($C28="Gasolina E10 (Comercial)",Factores!$I$17,IF($C28="GLP Cartagena",Factores!$I$18,IF($C28="GLP Barrancabermeja",Factores!$I$19,IF($C28="GLP Cusiana",Factores!$I$20,IF($C28="GLP Genérico",Factores!$I$21, "0")))))))))))))))) -> 0.6 | M28: =IF($C28="Kerosene",Factores!$J$6,IF($C28="Combustoleo",Factores!$J$7,IF($C28="Crudo de Castilla",Factores!$J$8,IF($C28="Avigas",Factores!$J$9,IF($C28="Jet A1",Factores!$J$10,IF($C28="Biodiesel palma",Factores!$J$11,IF($C28="Etanol Anhidro",Factores!$J$12,IF($C28="Fuel Oil # 4 - Ecopetrol",Factores!$J$13, IF($C28="Gasolina Motor",Factores!$J$14,IF($C28="Diesel Marino",Factores!$J$15,IF($C28="Diesel B2",Factores!$J$16,IF($C28="Gasolina E10 (Comercial)",Factores!$J$17,IF($C28="GLP Cartagena",Factores!$J$18,IF($C28="GLP Barrancabermeja",Factores!$J$19,IF($C28="GLP Cusiana",Factores!$J$20,IF($C28="GLP Genérico",Factores!$J$21, "0")))))))))))))))) -> 42.0002 | N28: =$J28*$I28 -> 423.42128 | O28: =$K28*$I28 -> 0.017179741 | P28: =$I28*$L28 -> 0.0034359482 | Q28: =$I28*$M28 -> 0.24051752
B29: 4 | E29: =D29*3.78541 -> 0 | F29: =IF($C29="Kerosene",Factores!$D$6,IF($C29="Combustoleo",Factores!$D$7,IF($C29="Crudo de Castilla",Factores!$D$8,IF($C29="Avigas",Factores!$D$9,IF($C29="Jet A1",Factores!$D$10,IF($C29="Biodiesel palma",Factores!$D$11,IF($C29="Etanol Anhidro",Factores!$D$12,IF($C29="Fuel Oil # 4 - Ecopetrol",Factores!$D$13, IF($C29="Gasolina Motor",Factores!$D$14,IF($C29="Diesel Marino",Factores!$D$15,IF($C29="Diesel B2",Factores!$D$16,IF($C29="Gasolina E10 (Comercial)",Factores!$D$17,IF($C29="GLP Cartagena",Factores!$D$18,IF($C29="GLP Barrancabermeja",Factores!$D$19,IF($C29="GLP Cusiana",Factores!$D$20,IF($C29="GLP Genérico",Factores!$D$21, "0")))))))))))))))) -> 0 | G29: =E29*F29 -> 0 | H29: =IF($C29="Kerosene",Factores!$E$6,IF($C29="Combustoleo",Factores!$E$7,IF($C29="Crudo de Castilla",Factores!$E$8,IF($C29="Avigas",Factores!$E$9,IF($C29="Jet A1",Factores!$E$10,IF($C29="Biodiesel palma",Factores!$E$11,IF($C29="Etanol Anhidro",Factores!$E$12,IF($C29="Fuel Oil # 4 - Ecopetrol",Factores!$E$13, IF($C29="Gasolina Motor",Factores!$E$14,IF($C29="Diesel Marino",Factores!$E$15,IF($C29="Diesel B2",Factores!$E$16,IF($C29="Gasolina E10 (Comercial)",Factores!$E$17,IF($C29="GLP Cartagena",Factores!$E$18,IF($C29="GLP Barrancabermeja",Factores!$E$19,IF($C29="GLP Cusiana",Factores!$E$20,IF($C29="GLP Genérico",Factores!$E$21, "0")))))))))))))))) -> 0 | I29: =(H29*G29)/1000000 -> 0 | J29: =IF($C29="Kerosene",Factores!$F$6,IF($C29="Combustoleo",Factores!$F$7,IF($C29="Crudo de Castilla",Factores!$F$8,IF($C29="Avigas",Factores!$F$9,IF($C29="Jet A1",Factores!$F$10,IF($C29="Biodiesel palma",Factores!$F$11,IF($C29="Etanol Anhidro",Factores!$F$12,IF($C29="Fuel Oil # 4 - Ecopetrol",Factores!$F$13, IF($C29="Gasolina Motor",Factores!$F$14,IF($C29="Diesel Marino",Factores!$F$15,IF($C29="Diesel B2",Factores!$F$16,IF($C29="Gasolina E10 (Comercial)",Factores!$F$17,IF($C29="GLP Cartagena",Factores!$F$18,IF($C29="GLP Barrancabermeja",Factores!$F$19,IF($C29="GLP Cusiana",Factores!$F$20,IF($C29="GLP Genérico",Factores!$F$21, "0")))))))))))))))) -> 0 | K29: =IF($C29="Kerosene",Factores!$G$6,IF($C29="Combustoleo",Factores!$G$7,IF($C29="Crudo de Castilla",Factores!$G$8,IF($C29="Avigas",Factores!$G$9,IF($C29="Jet A1",Factores!$G$10,IF($C29="Biodiesel palma",Factores!$G$11,IF($C29="Etanol Anhidro",Factores!$G$12,IF($C29="Fuel Oil # 4 - Ecopetrol",Factores!$G$13, IF($C29="Gasolina Motor",Factores!$G$14,IF($C29="Diesel Marino",Factores!$G$15,IF($C29="Diesel B2",Factores!$G$16,IF($C29="Gasolina E10 (Comercial)",Factores!$G$17,IF($C29="GLP Cartagena",Factores!$G$18,IF($C29="GLP Barrancabermeja",Factores!$G$19,IF($C29="GLP Cusiana",Factores!$G$20,IF($C29="GLP Genérico",Factores!$G$21, "0")))))))))))))))) -> 0 | L29: =IF($C29="Kerosene",Factores!$I$6,IF($C29="Combustoleo",Factores!$I$7,IF($C29="Crudo de Castilla",Factores!$I$8,IF($C29="Avigas",Factores!$I$9,IF($C29="Jet A1",Factores!$I$10,IF($C29="Biodiesel palma",Factores!$I$11,IF($C29="Etanol Anhidro",Factores!$I$12,IF($C29="Fuel Oil # 4 - Ecopetrol",Factores!$I$13, IF($C29="Gasolina Motor",Factores!$I$14,IF($C29="Diesel Marino",Factores!$I$15,IF($C29="Diesel B2",Factores!$I$16,IF($C29="Gasolina E10 (Comercial)",Factores!$I$17,IF($C29="GLP Cartagena",Factores!$I$18,IF($C29="GLP Barrancabermeja",Factores!$I$19,IF($C29="GLP Cusiana",Factores!$I$20,IF($C29="GLP Genérico",Factores!$I$21, "0")))))))))))))))) -> 0 | M29: =IF($C29="Kerosene",Factores!$J$6,IF($C29="Combustoleo",Factores!$J$7,IF($C29="Crudo de Castilla",Factores!$J$8,IF($C29="Avigas",Factores!$J$9,IF($C29="Jet A1",Factores!$J$10,IF($C29="Biodiesel palma",Factores!$J$11,IF($C29="Etanol Anhidro",Factores!$J$12,IF($C29="Fuel Oil # 4 - Ecopetrol",Factores!$J$13, IF($C29="Gasolina Motor",Factores!$J$14,IF($C29="Diesel Marino",Factores!$J$15,IF($C29="Diesel B2",Factores!$J$16,IF($C29="Gasolina E10 (Comercial)",Factores!$J$17,IF($C29="GLP Cartagena",Factores!$J$18,IF($C29="GLP Barrancabermeja",Factores!$J$19,IF($C29="GLP Cusiana",Factores!$J$20,IF($C29="GLP Genérico",Factores!$J$21, "0")))))))))))))))) -> 0 | N29: =$J29*$I29 -> 0 | O29: =$K29*$I29 -> 0 | P29: =$I29*$L29 -> 0 | Q29: =$I29*$M29 -> 0
B30: 5 | E30: =D30*3.78541 -> 0 | F30: =IF($C30="Kerosene",Factores!$D$6,IF($C30="Combustoleo",Factores!$D$7,IF($C30="Crudo de Castilla",Factores!$D$8,IF($C30="Avigas",Factores!$D$9,IF($C30="Jet A1",Factores!$D$10,IF($C30="Biodiesel palma",Factores!$D$11,IF($C30="Etanol Anhidro",Factores!$D$12,IF($C30="Fuel Oil # 4 - Ecopetrol",Factores!$D$13, IF($C30="Gasolina Motor",Factores!$D$14,IF($C30="Diesel Marino",Factores!$D$15,IF($C30="Diesel B2",Factores!$D$16,IF($C30="Gasolina E10 (Comercial)",Factores!$D$17,IF($C30="GLP Cartagena",Factores!$D$18,IF($C30="GLP Barrancabermeja",Factores!$D$19,IF($C30="GLP Cusiana",Factores!$D$20,IF($C30="GLP Genérico",Factores!$D$21, "0")))))))))))))))) -> 0 | G30: =E30*F30 -> 0 | H30: =IF($C30="Kerosene",Factores!$E$6,IF($C30="Combustoleo",Factores!$E$7,IF($C30="Crudo de Castilla",Factores!$E$8,IF($C30="Avigas",Factores!$E$9,IF($C30="Jet A1",Factores!$E$10,IF($C30="Biodiesel palma",Factores!$E$11,IF($C30="Etanol Anhidro",Factores!$E$12,IF($C30="Fuel Oil # 4 - Ecopetrol",Factores!$E$13, IF($C30="Gasolina Motor",Factores!$E$14,IF($C30="Diesel Marino",Factores!$E$15,IF($C30="Diesel B2",Factores!$E$16,IF($C30="Gasolina E10 (Comercial)",Factores!$E$17,IF($C30="GLP Cartagena",Factores!$E$18,IF($C30="GLP Barrancabermeja",Factores!$E$19,IF($C30="GLP Cusiana",Factores!$E$20,IF($C30="GLP Genérico",Factores!$E$21, "0")))))))))))))))) -> 0 | I30: =(H30*G30)/1000000 -> 0 | J30: =IF($C30="Kerosene",Factores!$F$6,IF($C30="Combustoleo",Factores!$F$7,IF($C30="Crudo de Castilla",Factores!$F$8,IF($C30="Avigas",Factores!$F$9,IF($C30="Jet A1",Factores!$F$10,IF($C30="Biodiesel palma",Factores!$F$11,IF($C30="Etanol Anhidro",Factores!$F$12,IF($C30="Fuel Oil # 4 - Ecopetrol",Factores!$F$13, IF($C30="Gasolina Motor",Factores!$F$14,IF($C30="Diesel Marino",Factores!$F$15,IF($C30="Diesel B2",Factores!$F$16,IF($C30="Gasolina E10 (Comercial)",Factores!$F$17,IF($C30="GLP Cartagena",Factores!$F$18,IF($C30="GLP Barrancabermeja",Factores!$F$19,IF($C30="GLP Cusiana",Factores!$F$20,IF($C30="GLP Genérico",Factores!$F$21, "0")))))))))))))))) -> 0 | K30: =IF($C30="Kerosene",Factores!$G$6,IF($C30="Combustoleo",Factores!$G$7,IF($C30="Crudo de Castilla",Factores!$G$8,IF($C30="Avigas",Factores!$G$9,IF($C30="Jet A1",Factores!$G$10,IF($C30="Biodiesel palma",Factores!$G$11,IF($C30="Etanol Anhidro",Factores!$G$12,IF($C30="Fuel Oil # 4 - Ecopetrol",Factores!$G$13, IF($C30="Gasolina Motor",Factores!$G$14,IF($C30="Diesel Marino",Factores!$G$15,IF($C30="Diesel B2",Factores!$G$16,IF($C30="Gasolina E10 (Comercial)",Factores!$G$17,IF($C30="GLP Cartagena",Factores!$G$18,IF($C30="GLP Barrancabermeja",Factores!$G$19,IF($C30="GLP Cusiana",Factores!$G$20,IF($C30="GLP Genérico",Factores!$G$21, "0")))))))))))))))) -> 0 | L30: =IF($C30="Kerosene",Factores!$I$6,IF($C30="Combustoleo",Factores!$I$7,IF($C30="Crudo de Castilla",Factores!$I$8,IF($C30="Avigas",Factores!$I$9,IF($C30="Jet A1",Factores!$I$10,IF($C30="Biodiesel palma",Factores!$I$11,IF($C30="Etanol Anhidro",Factores!$I$12,IF($C30="Fuel Oil # 4 - Ecopetrol",Factores!$I$13, IF($C30="Gasolina Motor",Factores!$I$14,IF($C30="Diesel Marino",Factores!$I$15,IF($C30="Diesel B2",Factores!$I$16,IF($C30="Gasolina E10 (Comercial)",Factores!$I$17,IF($C30="GLP Cartagena",Factores!$I$18,IF($C30="GLP Barrancabermeja",Factores!$I$19,IF($C30="GLP Cusiana",Factores!$I$20,IF($C30="GLP Genérico",Factores!$I$21, "0")))))))))))))))) -> 0 | M30: =IF($C30="Kerosene",Factores!$J$6,IF($C30="Combustoleo",Factores!$J$7,IF($C30="Crudo de Castilla",Factores!$J$8,IF($C30="Avigas",Factores!$J$9,IF($C30="Jet A1",Factores!$J$10,IF($C30="Biodiesel palma",Factores!$J$11,IF($C30="Etanol Anhidro",Factores!$J$12,IF($C30="Fuel Oil # 4 - Ecopetrol",Factores!$J$13, IF($C30="Gasolina Motor",Factores!$J$14,IF($C30="Diesel Marino",Factores!$J$15,IF($C30="Diesel B2",Factores!$J$16,IF($C30="Gasolina E10 (Comercial)",Factores!$J$17,IF($C30="GLP Cartagena",Factores!$J$18,IF($C30="GLP Barrancabermeja",Factores!$J$19,IF($C30="GLP Cusiana",Factores!$J$20,IF($C30="GLP Genérico",Factores!$J$21, "0")))))))))))))))) -> 0 | N30: =$J30*$I30 -> 0 | O30: =$K30*$I30 -> 0 | P30: =$I30*$L30 -> 0 | Q30: =$I30*$M30 -> 0
B31: 6 | E31: =D31*3.78541 -> 0 | F31: =IF($C31="Kerosene",Factores!$D$6,IF($C31="Combustoleo",Factores!$D$7,IF($C31="Crudo de Castilla",Factores!$D$8,IF($C31="Avigas",Factores!$D$9,IF($C31="Jet A1",Factores!$D$10,IF($C31="Biodiesel palma",Factores!$D$11,IF($C31="Etanol Anhidro",Factores!$D$12,IF($C31="Fuel Oil # 4 - Ecopetrol",Factores!$D$13, IF($C31="Gasolina Motor",Factores!$D$14,IF($C31="Diesel Marino",Factores!$D$15,IF($C31="Diesel B2",Factores!$D$16,IF($C31="Gasolina E10 (Comercial)",Factores!$D$17,IF($C31="GLP Cartagena",Factores!$D$18,IF($C31="GLP Barrancabermeja",Factores!$D$19,IF($C31="GLP Cusiana",Factores!$D$20,IF($C31="GLP Genérico",Factores!$D$21, "0")))))))))))))))) -> 0 | G31: =E31*F31 -> 0 | H31: =IF($C31="Kerosene",Factores!$E$6,IF($C31="Combustoleo",Factores!$E$7,IF($C31="Crudo de Castilla",Factores!$E$8,IF($C31="Avigas",Factores!$E$9,IF($C31="Jet A1",Factores!$E$10,IF($C31="Biodiesel palma",Factores!$E$11,IF($C31="Etanol Anhidro",Factores!$E$12,IF($C31="Fuel Oil # 4 - Ecopetrol",Factores!$E$13, IF($C31="Gasolina Motor",Factores!$E$14,IF($C31="Diesel Marino",Factores!$E$15,IF($C31="Diesel B2",Factores!$E$16,IF($C31="Gasolina E10 (Comercial)",Factores!$E$17,IF($C31="GLP Cartagena",Factores!$E$18,IF($C31="GLP Barrancabermeja",Factores!$E$19,IF($C31="GLP Cusiana",Factores!$E$20,IF($C31="GLP Genérico",Factores!$E$21, "0")))))))))))))))) -> 0 | I31: =(H31*G31)/1000000 -> 0 | J31: =IF($C31="Kerosene",Factores!$F$6,IF($C31="Combustoleo",Factores!$F$7,IF($C31="Crudo de Castilla",Factores!$F$8,IF($C31="Avigas",Factores!$F$9,IF($C31="Jet A1",Factores!$F$10,IF($C31="Biodiesel palma",Factores!$F$11,IF($C31="Etanol Anhidro",Factores!$F$12,IF($C31="Fuel Oil # 4 - Ecopetrol",Factores!$F$13, IF($C31="Gasolina Motor",Factores!$F$14,IF($C31="Diesel Marino",Factores!$F$15,IF($C31="Diesel B2",Factores!$F$16,IF($C31="Gasolina E10 (Comercial)",Factores!$F$17,IF($C31="GLP Cartagena",Factores!$F$18,IF($C31="GLP Barrancabermeja",Factores!$F$19,IF($C31="GLP Cusiana",Factores!$F$20,IF($C31="GLP Genérico",Factores!$F$21, "0")))))))))))))))) -> 0 | K31: =IF($C31="Kerosene",Factores!$G$6,IF($C31="Combustoleo",Factores!$G$7,IF($C31="Crudo de Castilla",Factores!$G$8,IF($C31="Avigas",Factores!$G$9,IF($C31="Jet A1",Factores!$G$10,IF($C31="Biodiesel palma",Factores!$G$11,IF($C31="Etanol Anhidro",Factores!$G$12,IF($C31="Fuel Oil # 4 - Ecopetrol",Factores!$G$13, IF($C31="Gasolina Motor",Factores!$G$14,IF($C31="Diesel Marino",Factores!$G$15,IF($C31="Diesel B2",Factores!$G$16,IF($C31="Gasolina E10 (Comercial)",Factores!$G$17,IF($C31="GLP Cartagena",Factores!$G$18,IF($C31="GLP Barrancabermeja",Factores!$G$19,IF($C31="GLP Cusiana",Factores!$G$20,IF($C31="GLP Genérico",Factores!$G$21, "0")))))))))))))))) -> 0 | L31: =IF($C31="Kerosene",Factores!$I$6,IF($C31="Combustoleo",Factores!$I$7,IF($C31="Crudo de Castilla",Factores!$I$8,IF($C31="Avigas",Factores!$I$9,IF($C31="Jet A1",Factores!$I$10,IF($C31="Biodiesel palma",Factores!$I$11,IF($C31="Etanol Anhidro",Factores!$I$12,IF($C31="Fuel Oil # 4 - Ecopetrol",Factores!$I$13, IF($C31="Gasolina Motor",Factores!$I$14,IF($C31="Diesel Marino",Factores!$I$15,IF($C31="Diesel B2",Factores!$I$16,IF($C31="Gasolina E10 (Comercial)",Factores!$I$17,IF($C31="GLP Cartagena",Factores!$I$18,IF($C31="GLP Barrancabermeja",Factores!$I$19,IF($C31="GLP Cusiana",Factores!$I$20,IF($C31="GLP Genérico",Factores!$I$21, "0")))))))))))))))) -> 0 | M31: =IF($C31="Kerosene",Factores!$J$6,IF($C31="Combustoleo",Factores!$J$7,IF($C31="Crudo de Castilla",Factores!$J$8,IF($C31="Avigas",Factores!$J$9,IF($C31="Jet A1",Factores!$J$10,IF($C31="Biodiesel palma",Factores!$J$11,IF($C31="Etanol Anhidro",Factores!$J$12,IF($C31="Fuel Oil # 4 - Ecopetrol",Factores!$J$13, IF($C31="Gasolina Motor",Factores!$J$14,IF($C31="Diesel Marino",Factores!$J$15,IF($C31="Diesel B2",Factores!$J$16,IF($C31="Gasolina E10 (Comercial)",Factores!$J$17,IF($C31="GLP Cartagena",Factores!$J$18,IF($C31="GLP Barrancabermeja",Factores!$J$19,IF($C31="GLP Cusiana",Factores!$J$20,IF($C31="GLP Genérico",Factores!$J$21, "0")))))))))))))))) -> 0 | N31: =$J31*$I31 -> 0 | O31: =$K31*$I31 -> 0 | P31: =$I31*$L31 -> 0 | Q31: =$I31*$M31 -> 0
B32: 7 | E32: =D32*3.78541 -> 0 | F32: =IF($C32="Kerosene",Factores!$D$6,IF($C32="Combustoleo",Factores!$D$7,IF($C32="Crudo de Castilla",Factores!$D$8,IF($C32="Avigas",Factores!$D$9,IF($C32="Jet A1",Factores!$D$10,IF($C32="Biodiesel palma",Factores!$D$11,IF($C32="Etanol Anhidro",Factores!$D$12,IF($C32="Fuel Oil # 4 - Ecopetrol",Factores!$D$13, IF($C32="Gasolina Motor",Factores!$D$14,IF($C32="Diesel Marino",Factores!$D$15,IF($C32="Diesel B2",Factores!$D$16,IF($C32="Gasolina E10 (Comercial)",Factores!$D$17,IF($C32="GLP Cartagena",Factores!$D$18,IF($C32="GLP Barrancabermeja",Factores!$D$19,IF($C32="GLP Cusiana",Factores!$D$20,IF($C32="GLP Genérico",Factores!$D$21, "0")))))))))))))))) -> 0 | G32: =E32*F32 -> 0 | H32: =IF($C32="Kerosene",Factores!$E$6,IF($C32="Combustoleo",Factores!$E$7,IF($C32="Crudo de Castilla",Factores!$E$8,IF($C32="Avigas",Factores!$E$9,IF($C32="Jet A1",Factores!$E$10,IF($C32="Biodiesel palma",Factores!$E$11,IF($C32="Etanol Anhidro",Factores!$E$12,IF($C32="Fuel Oil # 4 - Ecopetrol",Factores!$E$13, IF($C32="Gasolina Motor",Factores!$E$14,IF($C32="Diesel Marino",Factores!$E$15,IF($C32="Diesel B2",Factores!$E$16,IF($C32="Gasolina E10 (Comercial)",Factores!$E$17,IF($C32="GLP Cartagena",Factores!$E$18,IF($C32="GLP Barrancabermeja",Factores!$E$19,IF($C32="GLP Cusiana",Factores!$E$20,IF($C32="GLP Genérico",Factores!$E$21, "0")))))))))))))))) -> 0 | I32: =(H32*G32)/1000000 -> 0 | J32: =IF($C32="Kerosene",Factores!$F$6,IF($C32="Combustoleo",Factores!$F$7,IF($C32="Crudo de Castilla",Factores!$F$8,IF($C32="Avigas",Factores!$F$9,IF($C32="Jet A1",Factores!$F$10,IF($C32="Biodiesel palma",Factores!$F$11,IF($C32="Etanol Anhidro",Factores!$F$12,IF($C32="Fuel Oil # 4 - Ecopetrol",Factores!$F$13, IF($C32="Gasolina Motor",Factores!$F$14,IF($C32="Diesel Marino",Factores!$F$15,IF($C32="Diesel B2",Factores!$F$16,IF($C32="Gasolina E10 (Comercial)",Factores!$F$17,IF($C32="GLP Cartagena",Factores!$F$18,IF($C32="GLP Barrancabermeja",Factores!$F$19,IF($C32="GLP Cusiana",Factores!$F$20,IF($C32="GLP Genérico",Factores!$F$21, "0")))))))))))))))) -> 0 | K32: =IF($C32="Kerosene",Factores!$G$6,IF($C32="Combustoleo",Factores!$G$7,IF($C32="Crudo de Castilla",Factores!$G$8,IF($C32="Avigas",Factores!$G$9,IF($C32="Jet A1",Factores!$G$10,IF($C32="Biodiesel palma",Factores!$G$11,IF($C32="Etanol Anhidro",Factores!$G$12,IF($C32="Fuel Oil # 4 - Ecopetrol",Factores!$G$13, IF($C32="Gasolina Motor",Factores!$G$14,IF($C32="Diesel Marino",Factores!$G$15,IF($C32="Diesel B2",Factores!$G$16,IF($C32="Gasolina E10 (Comercial)",Factores!$G$17,IF($C32="GLP Cartagena",Factores!$G$18,IF($C32="GLP Barrancabermeja",Factores!$G$19,IF($C32="GLP Cusiana",Factores!$G$20,IF($C32="GLP Genérico",Factores!$G$21, "0")))))))))))))))) -> 0 | L32: =IF($C32="Kerosene",Factores!$I$6,IF($C32="Combustoleo",Factores!$I$7,IF($C32="Crudo de Castilla",Factores!$I$8,IF($C32="Avigas",Factores!$I$9,IF($C32="Jet A1",Factores!$I$10,IF($C32="Biodiesel palma",Factores!$I$11,IF($C32="Etanol Anhidro",Factores!$I$12,IF($C32="Fuel Oil # 4 - Ecopetrol",Factores!$I$13, IF($C32="Gasolina Motor",Factores!$I$14,IF($C32="Diesel Marino",Factores!$I$15,IF($C32="Diesel B2",Factores!$I$16,IF($C32="Gasolina E10 (Comercial)",Factores!$I$17,IF($C32="GLP Cartagena",Factores!$I$18,IF($C32="GLP Barrancabermeja",Factores!$I$19,IF($C32="GLP Cusiana",Factores!$I$20,IF($C32="GLP Genérico",Factores!$I$21, "0")))))))))))))))) -> 0 | M32: =IF($C32="Kerosene",Factores!$J$6,IF($C32="Combustoleo",Factores!$J$7,IF($C32="Crudo de Castilla",Factores!$J$8,IF($C32="Avigas",Factores!$J$9,IF($C32="Jet A1",Factores!$J$10,IF($C32="Biodiesel palma",Factores!$J$11,IF($C32="Etanol Anhidro",Factores!$J$12,IF($C32="Fuel Oil # 4 - Ecopetrol",Factores!$J$13, IF($C32="Gasolina Motor",Factores!$J$14,IF($C32="Diesel Marino",Factores!$J$15,IF($C32="Diesel B2",Factores!$J$16,IF($C32="Gasolina E10 (Comercial)",Factores!$J$17,IF($C32="GLP Cartagena",Factores!$J$18,IF($C32="GLP Barrancabermeja",Factores!$J$19,IF($C32="GLP Cusiana",Factores!$J$20,IF($C32="GLP Genérico",Factores!$J$21, "0")))))))))))))))) -> 0 | N32: =$J32*$I32 -> 0 | O32: =$K32*$I32 -> 0 | P32: =$I32*$L32 -> 0 | Q32: =$I32*$M32 -> 0
B33: 8 | E33: =D33*3.78541 -> 0 | F33: =IF($C33="Kerosene",Factores!$D$6,IF($C33="Combustoleo",Factores!$D$7,IF($C33="Crudo de Castilla",Factores!$D$8,IF($C33="Avigas",Factores!$D$9,IF($C33="Jet A1",Factores!$D$10,IF($C33="Biodiesel palma",Factores!$D$11,IF($C33="Etanol Anhidro",Factores!$D$12,IF($C33="Fuel Oil # 4 - Ecopetrol",Factores!$D$13, IF($C33="Gasolina Motor",Factores!$D$14,IF($C33="Diesel Marino",Factores!$D$15,IF($C33="Diesel B2",Factores!$D$16,IF($C33="Gasolina E10 (Comercial)",Factores!$D$17,IF($C33="GLP Cartagena",Factores!$D$18,IF($C33="GLP Barrancabermeja",Factores!$D$19,IF($C33="GLP Cusiana",Factores!$D$20,IF($C33="GLP Genérico",Factores!$D$21, "0")))))))))))))))) -> 0 | G33: =E33*F33 -> 0 | H33: =IF($C33="Kerosene",Factores!$E$6,IF($C33="Combustoleo",Factores!$E$7,IF($C33="Crudo de Castilla",Factores!$E$8,IF($C33="Avigas",Factores!$E$9,IF($C33="Jet A1",Factores!$E$10,IF($C33="Biodiesel palma",Factores!$E$11,IF($C33="Etanol Anhidro",Factores!$E$12,IF($C33="Fuel Oil # 4 - Ecopetrol",Factores!$E$13, IF($C33="Gasolina Motor",Factores!$E$14,IF($C33="Diesel Marino",Factores!$E$15,IF($C33="Diesel B2",Factores!$E$16,IF($C33="Gasolina E10 (Comercial)",Factores!$E$17,IF($C33="GLP Cartagena",Factores!$E$18,IF($C33="GLP Barrancabermeja",Factores!$E$19,IF($C33="GLP Cusiana",Factores!$E$20,IF($C33="GLP Genérico",Factores!$E$21, "0")))))))))))))))) -> 0 | I33: =(H33*G33)/1000000 -> 0 | J33: =IF($C33="Kerosene",Factores!$F$6,IF($C33="Combustoleo",Factores!$F$7,IF($C33="Crudo de Castilla",Factores!$F$8,IF($C33="Avigas",Factores!$F$9,IF($C33="Jet A1",Factores!$F$10,IF($C33="Biodiesel palma",Factores!$F$11,IF($C33="Etanol Anhidro",Factores!$F$12,IF($C33="Fuel Oil # 4 - Ecopetrol",Factores!$F$13, IF($C33="Gasolina Motor",Factores!$F$14,IF($C33="Diesel Marino",Factores!$F$15,IF($C33="Diesel B2",Factores!$F$16,IF($C33="Gasolina E10 (Comercial)",Factores!$F$17,IF($C33="GLP Cartagena",Factores!$F$18,IF($C33="GLP Barrancabermeja",Factores!$F$19,IF($C33="GLP Cusiana",Factores!$F$20,IF($C33="GLP Genérico",Factores!$F$21, "0")))))))))))))))) -> 0 | K33: =IF($C33="Kerosene",Factores!$G$6,IF($C33="Combustoleo",Factores!$G$7,IF($C33="Crudo de Castilla",Factores!$G$8,IF($C33="Avigas",Factores!$G$9,IF($C33="Jet A1",Factores!$G$10,IF($C33="Biodiesel palma",Factores!$G$11,IF($C33="Etanol Anhidro",Factores!$G$12,IF($C33="Fuel Oil # 4 - Ecopetrol",Factores!$G$13, IF($C33="Gasolina Motor",Factores!$G$14,IF($C33="Diesel Marino",Factores!$G$15,IF($C33="Diesel B2",Factores!$G$16,IF($C33="Gasolina E10 (Comercial)",Factores!$G$17,IF($C33="GLP Cartagena",Factores!$G$18,IF($C33="GLP Barrancabermeja",Factores!$G$19,IF($C33="GLP Cusiana",Factores!$G$20,IF($C33="GLP Genérico",Factores!$G$21, "0")))))))))))))))) -> 0 | L33: =IF($C33="Kerosene",Factores!$I$6,IF($C33="Combustoleo",Factores!$I$7,IF($C33="Crudo de Castilla",Factores!$I$8,IF($C33="Avigas",Factores!$I$9,IF($C33="Jet A1",Factores!$I$10,IF($C33="Biodiesel palma",Factores!$I$11,IF($C33="Etanol Anhidro",Factores!$I$12,IF($C33="Fuel Oil # 4 - Ecopetrol",Factores!$I$13, IF($C33="Gasolina Motor",Factores!$I$14,IF($C33="Diesel Marino",Factores!$I$15,IF($C33="Diesel B2",Factores!$I$16,IF($C33="Gasolina E10 (Comercial)",Factores!$I$17,IF($C33="GLP Cartagena",Factores!$I$18,IF($C33="GLP Barrancabermeja",Factores!$I$19,IF($C33="GLP Cusiana",Factores!$I$20,IF($C33="GLP Genérico",Factores!$I$21, "0")))))))))))))))) -> 0 | M33: =IF($C33="Kerosene",Factores!$J$6,IF($C33="Combustoleo",Factores!$J$7,IF($C33="Crudo de Castilla",Factores!$J$8,IF($C33="Avigas",Factores!$J$9,IF($C33="Jet A1",Factores!$J$10,IF($C33="Biodiesel palma",Factores!$J$11,IF($C33="Etanol Anhidro",Factores!$J$12,IF($C33="Fuel Oil # 4 - Ecopetrol",Factores!$J$13, IF($C33="Gasolina Motor",Factores!$J$14,IF($C33="Diesel Marino",Factores!$J$15,IF($C33="Diesel B2",Factores!$J$16,IF($C33="Gasolina E10 (Comercial)",Factores!$J$17,IF($C33="GLP Cartagena",Factores!$J$18,IF($C33="GLP Barrancabermeja",Factores!$J$19,IF($C33="GLP Cusiana",Factores!$J$20,IF($C33="GLP Genérico",Factores!$J$21, "0")))))))))))))))) -> 0 | N33: =$J33*$I33 -> 0 | O33: =$K33*$I33 -> 0 | P33: =$I33*$L33 -> 0 | Q33: =$I33*$M33 -> 0
B34: 9 | E34: =D34*3.78541 -> 0 | F34: =IF($C34="Kerosene",Factores!$D$6,IF($C34="Combustoleo",Factores!$D$7,IF($C34="Crudo de Castilla",Factores!$D$8,IF($C34="Avigas",Factores!$D$9,IF($C34="Jet A1",Factores!$D$10,IF($C34="Biodiesel palma",Factores!$D$11,IF($C34="Etanol Anhidro",Factores!$D$12,IF($C34="Fuel Oil # 4 - Ecopetrol",Factores!$D$13, IF($C34="Gasolina Motor",Factores!$D$14,IF($C34="Diesel Marino",Factores!$D$15,IF($C34="Diesel B2",Factores!$D$16,IF($C34="Gasolina E10 (Comercial)",Factores!$D$17,IF($C34="GLP Cartagena",Factores!$D$18,IF($C34="GLP Barrancabermeja",Factores!$D$19,IF($C34="GLP Cusiana",Factores!$D$20,IF($C34="GLP Genérico",Factores!$D$21, "0")))))))))))))))) -> 0 | G34: =E34*F34 -> 0 | H34: =IF($C34="Kerosene",Factores!$E$6,IF($C34="Combustoleo",Factores!$E$7,IF($C34="Crudo de Castilla",Factores!$E$8,IF($C34="Avigas",Factores!$E$9,IF($C34="Jet A1",Factores!$E$10,IF($C34="Biodiesel palma",Factores!$E$11,IF($C34="Etanol Anhidro",Factores!$E$12,IF($C34="Fuel Oil # 4 - Ecopetrol",Factores!$E$13, IF($C34="Gasolina Motor",Factores!$E$14,IF($C34="Diesel Marino",Factores!$E$15,IF($C34="Diesel B2",Factores!$E$16,IF($C34="Gasolina E10 (Comercial)",Factores!$E$17,IF($C34="GLP Cartagena",Factores!$E$18,IF($C34="GLP Barrancabermeja",Factores!$E$19,IF($C34="GLP Cusiana",Factores!$E$20,IF($C34="GLP Genérico",Factores!$E$21, "0")))))))))))))))) -> 0 | I34: =(H34*G34)/1000000 -> 0 | J34: =IF($C34="Kerosene",Factores!$F$6,IF($C34="Combustoleo",Factores!$F$7,IF($C34="Crudo de Castilla",Factores!$F$8,IF($C34="Avigas",Factores!$F$9,IF($C34="Jet A1",Factores!$F$10,IF($C34="Biodiesel palma",Factores!$F$11,IF($C34="Etanol Anhidro",Factores!$F$12,IF($C34="Fuel Oil # 4 - Ecopetrol",Factores!$F$13, IF($C34="Gasolina Motor",Factores!$F$14,IF($C34="Diesel Marino",Factores!$F$15,IF($C34="Diesel B2",Factores!$F$16,IF($C34="Gasolina E10 (Comercial)",Factores!$F$17,IF($C34="GLP Cartagena",Factores!$F$18,IF($C34="GLP Barrancabermeja",Factores!$F$19,IF($C34="GLP Cusiana",Factores!$F$20,IF($C34="GLP Genérico",Factores!$F$21, "0")))))))))))))))) -> 0 | K34: =IF($C34="Kerosene",Factores!$G$6,IF($C34="Combustoleo",Factores!$G$7,IF($C34="Crudo de Castilla",Factores!$G$8,IF($C34="Avigas",Factores!$G$9,IF($C34="Jet A1",Factores!$G$10,IF($C34="Biodiesel palma",Factores!$G$11,IF($C34="Etanol Anhidro",Factores!$G$12,IF($C34="Fuel Oil # 4 - Ecopetrol",Factores!$G$13, IF($C34="Gasolina Motor",Factores!$G$14,IF($C34="Diesel Marino",Factores!$G$15,IF($C34="Diesel B2",Factores!$G$16,IF($C34="Gasolina E10 (Comercial)",Factores!$G$17,IF($C34="GLP Cartagena",Factores!$G$18,IF($C34="GLP Barrancabermeja",Factores!$G$19,IF($C34="GLP Cusiana",Factores!$G$20,IF($C34="GLP Genérico",Factores!$G$21, "0")))))))))))))))) -> 0 | L34: =IF($C34="Kerosene",Factores!$I$6,IF($C34="Combustoleo",Factores!$I$7,IF($C34="Crudo de Castilla",Factores!$I$8,IF($C34="Avigas",Factores!$I$9,IF($C34="Jet A1",Factores!$I$10,IF($C34="Biodiesel palma",Factores!$I$11,IF($C34="Etanol Anhidro",Factores!$I$12,IF($C34="Fuel Oil # 4 - Ecopetrol",Factores!$I$13, IF($C34="Gasolina Motor",Factores!$I$14,IF($C34="Diesel Marino",Factores!$I$15,IF($C34="Diesel B2",Factores!$I$16,IF($C34="Gasolina E10 (Comercial)",Factores!$I$17,IF($C34="GLP Cartagena",Factores!$I$18,IF($C34="GLP Barrancabermeja",Factores!$I$19,IF($C34="GLP Cusiana",Factores!$I$20,IF($C34="GLP Genérico",Factores!$I$21, "0")))))))))))))))) -> 0 | M34: =IF($C34="Kerosene",Factores!$J$6,IF($C34="Combustoleo",Factores!$J$7,IF($C34="Crudo de Castilla",Factores!$J$8,IF($C34="Avigas",Factores!$J$9,IF($C34="Jet A1",Factores!$J$10,IF($C34="Biodiesel palma",Factores!$J$11,IF($C34="Etanol Anhidro",Factores!$J$12,IF($C34="Fuel Oil # 4 - Ecopetrol",Factores!$J$13, IF($C34="Gasolina Motor",Factores!$J$14,IF($C34="Diesel Marino",Factores!$J$15,IF($C34="Diesel B2",Factores!$J$16,IF($C34="Gasolina E10 (Comercial)",Factores!$J$17,IF($C34="GLP Cartagena",Factores!$J$18,IF($C34="GLP Barrancabermeja",Factores!$J$19,IF($C34="GLP Cusiana",Factores!$J$20,IF($C34="GLP Genérico",Factores!$J$21, "0")))))))))))))))) -> 0 | N34: =$J34*$I34 -> 0 | O34: =$K34*$I34 -> 0 | P34: =$I34*$L34 -> 0 | Q34: =$I34*$M34 -> 0
B35: 10 | E35: =D35*3.78541 -> 0 | F35: =IF($C35="Kerosene",Factores!$D$6,IF($C35="Combustoleo",Factores!$D$7,IF($C35="Crudo de Castilla",Factores!$D$8,IF($C35="Avigas",Factores!$D$9,IF($C35="Jet A1",Factores!$D$10,IF($C35="Biodiesel palma",Factores!$D$11,IF($C35="Etanol Anhidro",Factores!$D$12,IF($C35="Fuel Oil # 4 - Ecopetrol",Factores!$D$13, IF($C35="Gasolina Motor",Factores!$D$14,IF($C35="Diesel Marino",Factores!$D$15,IF($C35="Diesel B2",Factores!$D$16,IF($C35="Gasolina E10 (Comercial)",Factores!$D$17,IF($C35="GLP Cartagena",Factores!$D$18,IF($C35="GLP Barrancabermeja",Factores!$D$19,IF($C35="GLP Cusiana",Factores!$D$20,IF($C35="GLP Genérico",Factores!$D$21, "0")))))))))))))))) -> 0 | G35: =E35*F35 -> 0 | H35: =IF($C35="Kerosene",Factores!$E$6,IF($C35="Combustoleo",Factores!$E$7,IF($C35="Crudo de Castilla",Factores!$E$8,IF($C35="Avigas",Factores!$E$9,IF($C35="Jet A1",Factores!$E$10,IF($C35="Biodiesel palma",Factores!$E$11,IF($C35="Etanol Anhidro",Factores!$E$12,IF($C35="Fuel Oil # 4 - Ecopetrol",Factores!$E$13, IF($C35="Gasolina Motor",Factores!$E$14,IF($C35="Diesel Marino",Factores!$E$15,IF($C35="Diesel B2",Factores!$E$16,IF($C35="Gasolina E10 (Comercial)",Factores!$E$17,IF($C35="GLP Cartagena",Factores!$E$18,IF($C35="GLP Barrancabermeja",Factores!$E$19,IF($C35="GLP Cusiana",Factores!$E$20,IF($C35="GLP Genérico",Factores!$E$21, "0")))))))))))))))) -> 0 | I35: =(H35*G35)/1000000 -> 0 | J35: =IF($C35="Kerosene",Factores!$F$6,IF($C35="Combustoleo",Factores!$F$7,IF($C35="Crudo de Castilla",Factores!$F$8,IF($C35="Avigas",Factores!$F$9,IF($C35="Jet A1",Factores!$F$10,IF($C35="Biodiesel palma",Factores!$F$11,IF($C35="Etanol Anhidro",Factores!$F$12,IF($C35="Fuel Oil # 4 - Ecopetrol",Factores!$F$13, IF($C35="Gasolina Motor",Factores!$F$14,IF($C35="Diesel Marino",Factores!$F$15,IF($C35="Diesel B2",Factores!$F$16,IF($C35="Gasolina E10 (Comercial)",Factores!$F$17,IF($C35="GLP Cartagena",Factores!$F$18,IF($C35="GLP Barrancabermeja",Factores!$F$19,IF($C35="GLP Cusiana",Factores!$F$20,IF($C35="GLP Genérico",Factores!$F$21, "0")))))))))))))))) -> 0 | K35: =IF($C35="Kerosene",Factores!$G$6,IF($C35="Combustoleo",Factores!$G$7,IF($C35="Crudo de Castilla",Factores!$G$8,IF($C35="Avigas",Factores!$G$9,IF($C35="Jet A1",Factores!$G$10,IF($C35="Biodiesel palma",Factores!$G$11,IF($C35="Etanol Anhidro",Factores!$G$12,IF($C35="Fuel Oil # 4 - Ecopetrol",Factores!$G$13, IF($C35="Gasolina Motor",Factores!$G$14,IF($C35="Diesel Marino",Factores!$G$15,IF($C35="Diesel B2",Factores!$G$16,IF($C35="Gasolina E10 (Comercial)",Factores!$G$17,IF($C35="GLP Cartagena",Factores!$G$18,IF($C35="GLP Barrancabermeja",Factores!$G$19,IF($C35="GLP Cusiana",Factores!$G$20,IF($C35="GLP Genérico",Factores!$G$21, "0")))))))))))))))) -> 0 | L35: =IF($C35="Kerosene",Factores!$I$6,IF($C35="Combustoleo",Factores!$I$7,IF($C35="Crudo de Castilla",Factores!$I$8,IF($C35="Avigas",Factores!$I$9,IF($C35="Jet A1",Factores!$I$10,IF($C35="Biodiesel palma",Factores!$I$11,IF($C35="Etanol Anhidro",Factores!$I$12,IF($C35="Fuel Oil # 4 - Ecopetrol",Factores!$I$13, IF($C35="Gasolina Motor",Factores!$I$14,IF($C35="Diesel Marino",Factores!$I$15,IF($C35="Diesel B2",Factores!$I$16,IF($C35="Gasolina E10 (Comercial)",Factores!$I$17,IF($C35="GLP Cartagena",Factores!$I$18,IF($C35="GLP Barrancabermeja",Factores!$I$19,IF($C35="GLP Cusiana",Factores!$I$20,IF($C35="GLP Genérico",Factores!$I$21, "0")))))))))))))))) -> 0 | M35: =IF($C35="Kerosene",Factores!$J$6,IF($C35="Combustoleo",Factores!$J$7,IF($C35="Crudo de Castilla",Factores!$J$8,IF($C35="Avigas",Factores!$J$9,IF($C35="Jet A1",Factores!$J$10,IF($C35="Biodiesel palma",Factores!$J$11,IF($C35="Etanol Anhidro",Factores!$J$12,IF($C35="Fuel Oil # 4 - Ecopetrol",Factores!$J$13, IF($C35="Gasolina Motor",Factores!$J$14,IF($C35="Diesel Marino",Factores!$J$15,IF($C35="Diesel B2",Factores!$J$16,IF($C35="Gasolina E10 (Comercial)",Factores!$J$17,IF($C35="GLP Cartagena",Factores!$J$18,IF($C35="GLP Barrancabermeja",Factores!$J$19,IF($C35="GLP Cusiana",Factores!$J$20,IF($C35="GLP Genérico",Factores!$J$21, "0")))))))))))))))) -> 0 | N35: =$J35*$I35 -> 0 | O35: =$K35*$I35 -> 0 | P35: =$I35*$L35 -> 0 | Q35: =$I35*$M35 -> 0
B36: 11 | E36: =D36*3.78541 -> 0 | F36: =IF($C36="Kerosene",Factores!$D$6,IF($C36="Combustoleo",Factores!$D$7,IF($C36="Crudo de Castilla",Factores!$D$8,IF($C36="Avigas",Factores!$D$9,IF($C36="Jet A1",Factores!$D$10,IF($C36="Biodiesel palma",Factores!$D$11,IF($C36="Etanol Anhidro",Factores!$D$12,IF($C36="Fuel Oil # 4 - Ecopetrol",Factores!$D$13, IF($C36="Gasolina Motor",Factores!$D$14,IF($C36="Diesel Marino",Factores!$D$15,IF($C36="Diesel B2",Factores!$D$16,IF($C36="Gasolina E10 (Comercial)",Factores!$D$17,IF($C36="GLP Cartagena",Factores!$D$18,IF($C36="GLP Barrancabermeja",Factores!$D$19,IF($C36="GLP Cusiana",Factores!$D$20,IF($C36="GLP Genérico",Factores!$D$21, "0")))))))))))))))) -> 0 | G36: =E36*F36 -> 0 | H36: =IF($C36="Kerosene",Factores!$E$6,IF($C36="Combustoleo",Factores!$E$7,IF($C36="Crudo de Castilla",Factores!$E$8,IF($C36="Avigas",Factores!$E$9,IF($C36="Jet A1",Factores!$E$10,IF($C36="Biodiesel palma",Factores!$E$11,IF($C36="Etanol Anhidro",Factores!$E$12,IF($C36="Fuel Oil # 4 - Ecopetrol",Factores!$E$13, IF($C36="Gasolina Motor",Factores!$E$14,IF($C36="Diesel Marino",Factores!$E$15,IF($C36="Diesel B2",Factores!$E$16,IF($C36="Gasolina E10 (Comercial)",Factores!$E$17,IF($C36="GLP Cartagena",Factores!$E$18,IF($C36="GLP Barrancabermeja",Factores!$E$19,IF($C36="GLP Cusiana",Factores!$E$20,IF($C36="GLP Genérico",Factores!$E$21, "0")))))))))))))))) -> 0 | I36: =(H36*G36)/1000000 -> 0 | J36: =IF($C36="Kerosene",Factores!$F$6,IF($C36="Combustoleo",Factores!$F$7,IF($C36="Crudo de Castilla",Factores!$F$8,IF($C36="Avigas",Factores!$F$9,IF($C36="Jet A1",Factores!$F$10,IF($C36="Biodiesel palma",Factores!$F$11,IF($C36="Etanol Anhidro",Factores!$F$12,IF($C36="Fuel Oil # 4 - Ecopetrol",Factores!$F$13, IF($C36="Gasolina Motor",Factores!$F$14,IF($C36="Diesel Marino",Factores!$F$15,IF($C36="Diesel B2",Factores!$F$16,IF($C36="Gasolina E10 (Comercial)",Factores!$F$17,IF($C36="GLP Cartagena",Factores!$F$18,IF($C36="GLP Barrancabermeja",Factores!$F$19,IF($C36="GLP Cusiana",Factores!$F$20,IF($C36="GLP Genérico",Factores!$F$21, "0")))))))))))))))) -> 0 | K36: =IF($C36="Kerosene",Factores!$G$6,IF($C36="Combustoleo",Factores!$G$7,IF($C36="Crudo de Castilla",Factores!$G$8,IF($C36="Avigas",Factores!$G$9,IF($C36="Jet A1",Factores!$G$10,IF($C36="Biodiesel palma",Factores!$G$11,IF($C36="Etanol Anhidro",Factores!$G$12,IF($C36="Fuel Oil # 4 - Ecopetrol",Factores!$G$13, IF($C36="Gasolina Motor",Factores!$G$14,IF($C36="Diesel Marino",Factores!$G$15,IF($C36="Diesel B2",Factores!$G$16,IF($C36="Gasolina E10 (Comercial)",Factores!$G$17,IF($C36="GLP Cartagena",Factores!$G$18,IF($C36="GLP Barrancabermeja",Factores!$G$19,IF($C36="GLP Cusiana",Factores!$G$20,IF($C36="GLP Genérico",Factores!$G$21, "0")))))))))))))))) -> 0 | L36: =IF($C36="Kerosene",Factores!$I$6,IF($C36="Combustoleo",Factores!$I$7,IF($C36="Crudo de Castilla",Factores!$I$8,IF($C36="Avigas",Factores!$I$9,IF($C36="Jet A1",Factores!$I$10,IF($C36="Biodiesel palma",Factores!$I$11,IF($C36="Etanol Anhidro",Factores!$I$12,IF($C36="Fuel Oil # 4 - Ecopetrol",Factores!$I$13, IF($C36="Gasolina Motor",Factores!$I$14,IF($C36="Diesel Marino",Factores!$I$15,IF($C36="Diesel B2",Factores!$I$16,IF($C36="Gasolina E10 (Comercial)",Factores!$I$17,IF($C36="GLP Cartagena",Factores!$I$18,IF($C36="GLP Barrancabermeja",Factores!$I$19,IF($C36="GLP Cusiana",Factores!$I$20,IF($C36="GLP Genérico",Factores!$I$21, "0")))))))))))))))) -> 0 | M36: =IF($C36="Kerosene",Factores!$J$6,IF($C36="Combustoleo",Factores!$J$7,IF($C36="Crudo de Castilla",Factores!$J$8,IF($C36="Avigas",Factores!$J$9,IF($C36="Jet A1",Factores!$J$10,IF($C36="Biodiesel palma",Factores!$J$11,IF($C36="Etanol Anhidro",Factores!$J$12,IF($C36="Fuel Oil # 4 - Ecopetrol",Factores!$J$13, IF($C36="Gasolina Motor",Factores!$J$14,IF($C36="Diesel Marino",Factores!$J$15,IF($C36="Diesel B2",Factores!$J$16,IF($C36="Gasolina E10 (Comercial)",Factores!$J$17,IF($C36="GLP Cartagena",Factores!$J$18,IF($C36="GLP Barrancabermeja",Factores!$J$19,IF($C36="GLP Cusiana",Factores!$J$20,IF($C36="GLP Genérico",Factores!$J$21, "0")))))))))))))))) -> 0 | N36: =$J36*$I36 -> 0 | O36: =$K36*$I36 -> 0 | P36: =$I36*$L36 -> 0 | Q36: =$I36*$M36 -> 0
B37: 12 | E37: =D37*3.78541 -> 0 | F37: =IF($C37="Kerosene",Factores!$D$6,IF($C37="Combustoleo",Factores!$D$7,IF($C37="Crudo de Castilla",Factores!$D$8,IF($C37="Avigas",Factores!$D$9,IF($C37="Jet A1",Factores!$D$10,IF($C37="Biodiesel palma",Factores!$D$11,IF($C37="Etanol Anhidro",Factores!$D$12,IF($C37="Fuel Oil # 4 - Ecopetrol",Factores!$D$13, IF($C37="Gasolina Motor",Factores!$D$14,IF($C37="Diesel Marino",Factores!$D$15,IF($C37="Diesel B2",Factores!$D$16,IF($C37="Gasolina E10 (Comercial)",Factores!$D$17,IF($C37="GLP Cartagena",Factores!$D$18,IF($C37="GLP Barrancabermeja",Factores!$D$19,IF($C37="GLP Cusiana",Factores!$D$20,IF($C37="GLP Genérico",Factores!$D$21, "0")))))))))))))))) -> 0 | G37: =E37*F37 -> 0 | H37: =IF($C37="Kerosene",Factores!$E$6,IF($C37="Combustoleo",Factores!$E$7,IF($C37="Crudo de Castilla",Factores!$E$8,IF($C37="Avigas",Factores!$E$9,IF($C37="Jet A1",Factores!$E$10,IF($C37="Biodiesel palma",Factores!$E$11,IF($C37="Etanol Anhidro",Factores!$E$12,IF($C37="Fuel Oil # 4 - Ecopetrol",Factores!$E$13, IF($C37="Gasolina Motor",Factores!$E$14,IF($C37="Diesel Marino",Factores!$E$15,IF($C37="Diesel B2",Factores!$E$16,IF($C37="Gasolina E10 (Comercial)",Factores!$E$17,IF($C37="GLP Cartagena",Factores!$E$18,IF($C37="GLP Barrancabermeja",Factores!$E$19,IF($C37="GLP Cusiana",Factores!$E$20,IF($C37="GLP Genérico",Factores!$E$21, "0")))))))))))))))) -> 0 | I37: =(H37*G37)/1000000 -> 0 | J37: =IF($C37="Kerosene",Factores!$F$6,IF($C37="Combustoleo",Factores!$F$7,IF($C37="Crudo de Castilla",Factores!$F$8,IF($C37="Avigas",Factores!$F$9,IF($C37="Jet A1",Factores!$F$10,IF($C37="Biodiesel palma",Factores!$F$11,IF($C37="Etanol Anhidro",Factores!$F$12,IF($C37="Fuel Oil # 4 - Ecopetrol",Factores!$F$13, IF($C37="Gasolina Motor",Factores!$F$14,IF($C37="Diesel Marino",Factores!$F$15,IF($C37="Diesel B2",Factores!$F$16,IF($C37="Gasolina E10 (Comercial)",Factores!$F$17,IF($C37="GLP Cartagena",Factores!$F$18,IF($C37="GLP Barrancabermeja",Factores!$F$19,IF($C37="GLP Cusiana",Factores!$F$20,IF($C37="GLP Genérico",Factores!$F$21, "0")))))))))))))))) -> 0 | K37: =IF($C37="Kerosene",Factores!$G$6,IF($C37="Combustoleo",Factores!$G$7,IF($C37="Crudo de Castilla",Factores!$G$8,IF($C37="Avigas",Factores!$G$9,IF($C37="Jet A1",Factores!$G$10,IF($C37="Biodiesel palma",Factores!$G$11,IF($C37="Etanol Anhidro",Factores!$G$12,IF($C37="Fuel Oil # 4 - Ecopetrol",Factores!$G$13, IF($C37="Gasolina Motor",Factores!$G$14,IF($C37="Diesel Marino",Factores!$G$15,IF($C37="Diesel B2",Factores!$G$16,IF($C37="Gasolina E10 (Comercial)",Factores!$G$17,IF($C37="GLP Cartagena",Factores!$G$18,IF($C37="GLP Barrancabermeja",Factores!$G$19,IF($C37="GLP Cusiana",Factores!$G$20,IF($C37="GLP Genérico",Factores!$G$21, "0")))))))))))))))) -> 0 | L37: =IF($C37="Kerosene",Factores!$I$6,IF($C37="Combustoleo",Factores!$I$7,IF($C37="Crudo de Castilla",Factores!$I$8,IF($C37="Avigas",Factores!$I$9,IF($C37="Jet A1",Factores!$I$10,IF($C37="Biodiesel palma",Factores!$I$11,IF($C37="Etanol Anhidro",Factores!$I$12,IF($C37="Fuel Oil # 4 - Ecopetrol",Factores!$I$13, IF($C37="Gasolina Motor",Factores!$I$14,IF($C37="Diesel Marino",Factores!$I$15,IF($C37="Diesel B2",Factores!$I$16,IF($C37="Gasolina E10 (Comercial)",Factores!$I$17,IF($C37="GLP Cartagena",Factores!$I$18,IF($C37="GLP Barrancabermeja",Factores!$I$19,IF($C37="GLP Cusiana",Factores!$I$20,IF($C37="GLP Genérico",Factores!$I$21, "0")))))))))))))))) -> 0 | M37: =IF($C37="Kerosene",Factores!$J$6,IF($C37="Combustoleo",Factores!$J$7,IF($C37="Crudo de Castilla",Factores!$J$8,IF($C37="Avigas",Factores!$J$9,IF($C37="Jet A1",Factores!$J$10,IF($C37="Biodiesel palma",Factores!$J$11,IF($C37="Etanol Anhidro",Factores!$J$12,IF($C37="Fuel Oil # 4 - Ecopetrol",Factores!$J$13, IF($C37="Gasolina Motor",Factores!$J$14,IF($C37="Diesel Marino",Factores!$J$15,IF($C37="Diesel B2",Factores!$J$16,IF($C37="Gasolina E10 (Comercial)",Factores!$J$17,IF($C37="GLP Cartagena",Factores!$J$18,IF($C37="GLP Barrancabermeja",Factores!$J$19,IF($C37="GLP Cusiana",Factores!$J$20,IF($C37="GLP Genérico",Factores!$J$21, "0")))))))))))))))) -> 0 | N37: =$J37*$I37 -> 0 | O37: =$K37*$I37 -> 0 | P37: =$I37*$L37 -> 0 | Q37: =$I37*$M37 -> 0
B38: 13 | E38: =D38*3.78541 -> 0 | F38: =IF($C38="Kerosene",Factores!$D$6,IF($C38="Combustoleo",Factores!$D$7,IF($C38="Crudo de Castilla",Factores!$D$8,IF($C38="Avigas",Factores!$D$9,IF($C38="Jet A1",Factores!$D$10,IF($C38="Biodiesel palma",Factores!$D$11,IF($C38="Etanol Anhidro",Factores!$D$12,IF($C38="Fuel Oil # 4 - Ecopetrol",Factores!$D$13, IF($C38="Gasolina Motor",Factores!$D$14,IF($C38="Diesel Marino",Factores!$D$15,IF($C38="Diesel B2",Factores!$D$16,IF($C38="Gasolina E10 (Comercial)",Factores!$D$17,IF($C38="GLP Cartagena",Factores!$D$18,IF($C38="GLP Barrancabermeja",Factores!$D$19,IF($C38="GLP Cusiana",Factores!$D$20,IF($C38="GLP Genérico",Factores!$D$21, "0")))))))))))))))) -> 0 | G38: =E38*F38 -> 0 | H38: =IF($C38="Kerosene",Factores!$E$6,IF($C38="Combustoleo",Factores!$E$7,IF($C38="Crudo de Castilla",Factores!$E$8,IF($C38="Avigas",Factores!$E$9,IF($C38="Jet A1",Factores!$E$10,IF($C38="Biodiesel palma",Factores!$E$11,IF($C38="Etanol Anhidro",Factores!$E$12,IF($C38="Fuel Oil # 4 - Ecopetrol",Factores!$E$13, IF($C38="Gasolina Motor",Factores!$E$14,IF($C38="Diesel Marino",Factores!$E$15,IF($C38="Diesel B2",Factores!$E$16,IF($C38="Gasolina E10 (Comercial)",Factores!$E$17,IF($C38="GLP Cartagena",Factores!$E$18,IF($C38="GLP Barrancabermeja",Factores!$E$19,IF($C38="GLP Cusiana",Factores!$E$20,IF($C38="GLP Genérico",Factores!$E$21, "0")))))))))))))))) -> 0 | I38: =(H38*G38)/1000000 -> 0 | J38: =IF($C38="Kerosene",Factores!$F$6,IF($C38="Combustoleo",Factores!$F$7,IF($C38="Crudo de Castilla",Factores!$F$8,IF($C38="Avigas",Factores!$F$9,IF($C38="Jet A1",Factores!$F$10,IF($C38="Biodiesel palma",Factores!$F$11,IF($C38="Etanol Anhidro",Factores!$F$12,IF($C38="Fuel Oil # 4 - Ecopetrol",Factores!$F$13, IF($C38="Gasolina Motor",Factores!$F$14,IF($C38="Diesel Marino",Factores!$F$15,IF($C38="Diesel B2",Factores!$F$16,IF($C38="Gasolina E10 (Comercial)",Factores!$F$17,IF($C38="GLP Cartagena",Factores!$F$18,IF($C38="GLP Barrancabermeja",Factores!$F$19,IF($C38="GLP Cusiana",Factores!$F$20,IF($C38="GLP Genérico",Factores!$F$21, "0")))))))))))))))) -> 0 | K38: =IF($C38="Kerosene",Factores!$G$6,IF($C38="Combustoleo",Factores!$G$7,IF($C38="Crudo de Castilla",Factores!$G$8,IF($C38="Avigas",Factores!$G$9,IF($C38="Jet A1",Factores!$G$10,IF($C38="Biodiesel palma",Factores!$G$11,IF($C38="Etanol Anhidro",Factores!$G$12,IF($C38="Fuel Oil # 4 - Ecopetrol",Factores!$G$13, IF($C38="Gasolina Motor",Factores!$G$14,IF($C38="Diesel Marino",Factores!$G$15,IF($C38="Diesel B2",Factores!$G$16,IF($C38="Gasolina E10 (Comercial)",Factores!$G$17,IF($C38="GLP Cartagena",Factores!$G$18,IF($C38="GLP Barrancabermeja",Factores!$G$19,IF($C38="GLP Cusiana",Factores!$G$20,IF($C38="GLP Genérico",Factores!$G$21, "0")))))))))))))))) -> 0 | L38: =IF($C38="Kerosene",Factores!$I$6,IF($C38="Combustoleo",Factores!$I$7,IF($C38="Crudo de Castilla",Factores!$I$8,IF($C38="Avigas",Factores!$I$9,IF($C38="Jet A1",Factores!$I$10,IF($C38="Biodiesel palma",Factores!$I$11,IF($C38="Etanol Anhidro",Factores!$I$12,IF($C38="Fuel Oil # 4 - Ecopetrol",Factores!$I$13, IF($C38="Gasolina Motor",Factores!$I$14,IF($C38="Diesel Marino",Factores!$I$15,IF($C38="Diesel B2",Factores!$I$16,IF($C38="Gasolina E10 (Comercial)",Factores!$I$17,IF($C38="GLP Cartagena",Factores!$I$18,IF($C38="GLP Barrancabermeja",Factores!$I$19,IF($C38="GLP Cusiana",Factores!$I$20,IF($C38="GLP Genérico",Factores!$I$21, "0")))))))))))))))) -> 0 | M38: =IF($C38="Kerosene",Factores!$J$6,IF($C38="Combustoleo",Factores!$J$7,IF($C38="Crudo de Castilla",Factores!$J$8,IF($C38="Avigas",Factores!$J$9,IF($C38="Jet A1",Factores!$J$10,IF($C38="Biodiesel palma",Factores!$J$11,IF($C38="Etanol Anhidro",Factores!$J$12,IF($C38="Fuel Oil # 4 - Ecopetrol",Factores!$J$13, IF($C38="Gasolina Motor",Factores!$J$14,IF($C38="Diesel Marino",Factores!$J$15,IF($C38="Diesel B2",Factores!$J$16,IF($C38="Gasolina E10 (Comercial)",Factores!$J$17,IF($C38="GLP Cartagena",Factores!$J$18,IF($C38="GLP Barrancabermeja",Factores!$J$19,IF($C38="GLP Cusiana",Factores!$J$20,IF($C38="GLP Genérico",Factores!$J$21, "0")))))))))))))))) -> 0 | N38: =$J38*$I38 -> 0 | O38: =$K38*$I38 -> 0 | P38: =$I38*$L38 -> 0 | Q38: =$I38*$M38 -> 0
B39: 14 | E39: =D39*3.78541 -> 0 | F39: =IF($C39="Kerosene",Factores!$D$6,IF($C39="Combustoleo",Factores!$D$7,IF($C39="Crudo de Castilla",Factores!$D$8,IF($C39="Avigas",Factores!$D$9,IF($C39="Jet A1",Factores!$D$10,IF($C39="Biodiesel palma",Factores!$D$11,IF($C39="Etanol Anhidro",Factores!$D$12,IF($C39="Fuel Oil # 4 - Ecopetrol",Factores!$D$13, IF($C39="Gasolina Motor",Factores!$D$14,IF($C39="Diesel Marino",Factores!$D$15,IF($C39="Diesel B2",Factores!$D$16,IF($C39="Gasolina E10 (Comercial)",Factores!$D$17,IF($C39="GLP Cartagena",Factores!$D$18,IF($C39="GLP Barrancabermeja",Factores!$D$19,IF($C39="GLP Cusiana",Factores!$D$20,IF($C39="GLP Genérico",Factores!$D$21, "0")))))))))))))))) -> 0 | G39: =E39*F39 -> 0 | H39: =IF($C39="Kerosene",Factores!$E$6,IF($C39="Combustoleo",Factores!$E$7,IF($C39="Crudo de Castilla",Factores!$E$8,IF($C39="Avigas",Factores!$E$9,IF($C39="Jet A1",Factores!$E$10,IF($C39="Biodiesel palma",Factores!$E$11,IF($C39="Etanol Anhidro",Factores!$E$12,IF($C39="Fuel Oil # 4 - Ecopetrol",Factores!$E$13, IF($C39="Gasolina Motor",Factores!$E$14,IF($C39="Diesel Marino",Factores!$E$15,IF($C39="Diesel B2",Factores!$E$16,IF($C39="Gasolina E10 (Comercial)",Factores!$E$17,IF($C39="GLP Cartagena",Factores!$E$18,IF($C39="GLP Barrancabermeja",Factores!$E$19,IF($C39="GLP Cusiana",Factores!$E$20,IF($C39="GLP Genérico",Factores!$E$21, "0")))))))))))))))) -> 0 | I39: =(H39*G39)/1000000 -> 0 | J39: =IF($C39="Kerosene",Factores!$F$6,IF($C39="Combustoleo",Factores!$F$7,IF($C39="Crudo de Castilla",Factores!$F$8,IF($C39="Avigas",Factores!$F$9,IF($C39="Jet A1",Factores!$F$10,IF($C39="Biodiesel palma",Factores!$F$11,IF($C39="Etanol Anhidro",Factores!$F$12,IF($C39="Fuel Oil # 4 - Ecopetrol",Factores!$F$13, IF($C39="Gasolina Motor",Factores!$F$14,IF($C39="Diesel Marino",Factores!$F$15,IF($C39="Diesel B2",Factores!$F$16,IF($C39="Gasolina E10 (Comercial)",Factores!$F$17,IF($C39="GLP Cartagena",Factores!$F$18,IF($C39="GLP Barrancabermeja",Factores!$F$19,IF($C39="GLP Cusiana",Factores!$F$20,IF($C39="GLP Genérico",Factores!$F$21, "0")))))))))))))))) -> 0 | K39: =IF($C39="Kerosene",Factores!$G$6,IF($C39="Combustoleo",Factores!$G$7,IF($C39="Crudo de Castilla",Factores!$G$8,IF($C39="Avigas",Factores!$G$9,IF($C39="Jet A1",Factores!$G$10,IF($C39="Biodiesel palma",Factores!$G$11,IF($C39="Etanol Anhidro",Factores!$G$12,IF($C39="Fuel Oil # 4 - Ecopetrol",Factores!$G$13, IF($C39="Gasolina Motor",Factores!$G$14,IF($C39="Diesel Marino",Factores!$G$15,IF($C39="Diesel B2",Factores!$G$16,IF($C39="Gasolina E10 (Comercial)",Factores!$G$17,IF($C39="GLP Cartagena",Factores!$G$18,IF($C39="GLP Barrancabermeja",Factores!$G$19,IF($C39="GLP Cusiana",Factores!$G$20,IF($C39="GLP Genérico",Factores!$G$21, "0")))))))))))))))) -> 0 | L39: =IF($C39="Kerosene",Factores!$I$6,IF($C39="Combustoleo",Factores!$I$7,IF($C39="Crudo de Castilla",Factores!$I$8,IF($C39="Avigas",Factores!$I$9,IF($C39="Jet A1",Factores!$I$10,IF($C39="Biodiesel palma",Factores!$I$11,IF($C39="Etanol Anhidro",Factores!$I$12,IF($C39="Fuel Oil # 4 - Ecopetrol",Factores!$I$13, IF($C39="Gasolina Motor",Factores!$I$14,IF($C39="Diesel Marino",Factores!$I$15,IF($C39="Diesel B2",Factores!$I$16,IF($C39="Gasolina E10 (Comercial)",Factores!$I$17,IF($C39="GLP Cartagena",Factores!$I$18,IF($C39="GLP Barrancabermeja",Factores!$I$19,IF($C39="GLP Cusiana",Factores!$I$20,IF($C39="GLP Genérico",Factores!$I$21, "0")))))))))))))))) -> 0 | M39: =IF($C39="Kerosene",Factores!$J$6,IF($C39="Combustoleo",Factores!$J$7,IF($C39="Crudo de Castilla",Factores!$J$8,IF($C39="Avigas",Factores!$J$9,IF($C39="Jet A1",Factores!$J$10,IF($C39="Biodiesel palma",Factores!$J$11,IF($C39="Etanol Anhidro",Factores!$J$12,IF($C39="Fuel Oil # 4 - Ecopetrol",Factores!$J$13, IF($C39="Gasolina Motor",Factores!$J$14,IF($C39="Diesel Marino",Factores!$J$15,IF($C39="Diesel B2",Factores!$J$16,IF($C39="Gasolina E10 (Comercial)",Factores!$J$17,IF($C39="GLP Cartagena",Factores!$J$18,IF($C39="GLP Barrancabermeja",Factores!$J$19,IF($C39="GLP Cusiana",Factores!$J$20,IF($C39="GLP Genérico",Factores!$J$21, "0")))))))))))))))) -> 0 | N39: =$J39*$I39 -> 0 | O39: =$K39*$I39 -> 0 | P39: =$I39*$L39 -> 0 | Q39: =$I39*$M39 -> 0
B40: 15 | E40: =D40*3.78541 -> 0 | F40: =IF($C40="Kerosene",Factores!$D$6,IF($C40="Combustoleo",Factores!$D$7,IF($C40="Crudo de Castilla",Factores!$D$8,IF($C40="Avigas",Factores!$D$9,IF($C40="Jet A1",Factores!$D$10,IF($C40="Biodiesel palma",Factores!$D$11,IF($C40="Etanol Anhidro",Factores!$D$12,IF($C40="Fuel Oil # 4 - Ecopetrol",Factores!$D$13, IF($C40="Gasolina Motor",Factores!$D$14,IF($C40="Diesel Marino",Factores!$D$15,IF($C40="Diesel B2",Factores!$D$16,IF($C40="Gasolina E10 (Comercial)",Factores!$D$17,IF($C40="GLP Cartagena",Factores!$D$18,IF($C40="GLP Barrancabermeja",Factores!$D$19,IF($C40="GLP Cusiana",Factores!$D$20,IF($C40="GLP Genérico",Factores!$D$21, "0")))))))))))))))) -> 0 | G40: =E40*F40 -> 0 | H40: =IF($C40="Kerosene",Factores!$E$6,IF($C40="Combustoleo",Factores!$E$7,IF($C40="Crudo de Castilla",Factores!$E$8,IF($C40="Avigas",Factores!$E$9,IF($C40="Jet A1",Factores!$E$10,IF($C40="Biodiesel palma",Factores!$E$11,IF($C40="Etanol Anhidro",Factores!$E$12,IF($C40="Fuel Oil # 4 - Ecopetrol",Factores!$E$13, IF($C40="Gasolina Motor",Factores!$E$14,IF($C40="Diesel Marino",Factores!$E$15,IF($C40="Diesel B2",Factores!$E$16,IF($C40="Gasolina E10 (Comercial)",Factores!$E$17,IF($C40="GLP Cartagena",Factores!$E$18,IF($C40="GLP Barrancabermeja",Factores!$E$19,IF($C40="GLP Cusiana",Factores!$E$20,IF($C40="GLP Genérico",Factores!$E$21, "0")))))))))))))))) -> 0 | I40: =(H40*G40)/1000000 -> 0 | J40: =IF($C40="Kerosene",Factores!$F$6,IF($C40="Combustoleo",Factores!$F$7,IF($C40="Crudo de Castilla",Factores!$F$8,IF($C40="Avigas",Factores!$F$9,IF($C40="Jet A1",Factores!$F$10,IF($C40="Biodiesel palma",Factores!$F$11,IF($C40="Etanol Anhidro",Factores!$F$12,IF($C40="Fuel Oil # 4 - Ecopetrol",Factores!$F$13, IF($C40="Gasolina Motor",Factores!$F$14,IF($C40="Diesel Marino",Factores!$F$15,IF($C40="Diesel B2",Factores!$F$16,IF($C40="Gasolina E10 (Comercial)",Factores!$F$17,IF($C40="GLP Cartagena",Factores!$F$18,IF($C40="GLP Barrancabermeja",Factores!$F$19,IF($C40="GLP Cusiana",Factores!$F$20,IF($C40="GLP Genérico",Factores!$F$21, "0")))))))))))))))) -> 0 | K40: =IF($C40="Kerosene",Factores!$G$6,IF($C40="Combustoleo",Factores!$G$7,IF($C40="Crudo de Castilla",Factores!$G$8,IF($C40="Avigas",Factores!$G$9,IF($C40="Jet A1",Factores!$G$10,IF($C40="Biodiesel palma",Factores!$G$11,IF($C40="Etanol Anhidro",Factores!$G$12,IF($C40="Fuel Oil # 4 - Ecopetrol",Factores!$G$13, IF($C40="Gasolina Motor",Factores!$G$14,IF($C40="Diesel Marino",Factores!$G$15,IF($C40="Diesel B2",Factores!$G$16,IF($C40="Gasolina E10 (Comercial)",Factores!$G$17,IF($C40="GLP Cartagena",Factores!$G$18,IF($C40="GLP Barrancabermeja",Factores!$G$19,IF($C40="GLP Cusiana",Factores!$G$20,IF($C40="GLP Genérico",Factores!$G$21, "0")))))))))))))))) -> 0 | L40: =IF($C40="Kerosene",Factores!$I$6,IF($C40="Combustoleo",Factores!$I$7,IF($C40="Crudo de Castilla",Factores!$I$8,IF($C40="Avigas",Factores!$I$9,IF($C40="Jet A1",Factores!$I$10,IF($C40="Biodiesel palma",Factores!$I$11,IF($C40="Etanol Anhidro",Factores!$I$12,IF($C40="Fuel Oil # 4 - Ecopetrol",Factores!$I$13, IF($C40="Gasolina Motor",Factores!$I$14,IF($C40="Diesel Marino",Factores!$I$15,IF($C40="Diesel B2",Factores!$I$16,IF($C40="Gasolina E10 (Comercial)",Factores!$I$17,IF($C40="GLP Cartagena",Factores!$I$18,IF($C40="GLP Barrancabermeja",Factores!$I$19,IF($C40="GLP Cusiana",Factores!$I$20,IF($C40="GLP Genérico",Factores!$I$21, "0")))))))))))))))) -> 0 | M40: =IF($C40="Kerosene",Factores!$J$6,IF($C40="Combustoleo",Factores!$J$7,IF($C40="Crudo de Castilla",Factores!$J$8,IF($C40="Avigas",Factores!$J$9,IF($C40="Jet A1",Factores!$J$10,IF($C40="Biodiesel palma",Factores!$J$11,IF($C40="Etanol Anhidro",Factores!$J$12,IF($C40="Fuel Oil # 4 - Ecopetrol",Factores!$J$13, IF($C40="Gasolina Motor",Factores!$J$14,IF($C40="Diesel Marino",Factores!$J$15,IF($C40="Diesel B2",Factores!$J$16,IF($C40="Gasolina E10 (Comercial)",Factores!$J$17,IF($C40="GLP Cartagena",Factores!$J$18,IF($C40="GLP Barrancabermeja",Factores!$J$19,IF($C40="GLP Cusiana",Factores!$J$20,IF($C40="GLP Genérico",Factores!$J$21, "0")))))))))))))))) -> 0 | N40: =$J40*$I40 -> 0 | O40: =$K40*$I40 -> 0 | P40: =$I40*$L40 -> 0 | Q40: =$I40*$M40 -> 0
B41: 16 | E41: =D41*3.78541 -> 0 | F41: =IF($C41="Kerosene",Factores!$D$6,IF($C41="Combustoleo",Factores!$D$7,IF($C41="Crudo de Castilla",Factores!$D$8,IF($C41="Avigas",Factores!$D$9,IF($C41="Jet A1",Factores!$D$10,IF($C41="Biodiesel palma",Factores!$D$11,IF($C41="Etanol Anhidro",Factores!$D$12,IF($C41="Fuel Oil # 4 - Ecopetrol",Factores!$D$13, IF($C41="Gasolina Motor",Factores!$D$14,IF($C41="Diesel Marino",Factores!$D$15,IF($C41="Diesel B2",Factores!$D$16,IF($C41="Gasolina E10 (Comercial)",Factores!$D$17,IF($C41="GLP Cartagena",Factores!$D$18,IF($C41="GLP Barrancabermeja",Factores!$D$19,IF($C41="GLP Cusiana",Factores!$D$20,IF($C41="GLP Genérico",Factores!$D$21, "0")))))))))))))))) -> 0 | G41: =E41*F41 -> 0 | H41: =IF($C41="Kerosene",Factores!$E$6,IF($C41="Combustoleo",Factores!$E$7,IF($C41="Crudo de Castilla",Factores!$E$8,IF($C41="Avigas",Factores!$E$9,IF($C41="Jet A1",Factores!$E$10,IF($C41="Biodiesel palma",Factores!$E$11,IF($C41="Etanol Anhidro",Factores!$E$12,IF($C41="Fuel Oil # 4 - Ecopetrol",Factores!$E$13, IF($C41="Gasolina Motor",Factores!$E$14,IF($C41="Diesel Marino",Factores!$E$15,IF($C41="Diesel B2",Factores!$E$16,IF($C41="Gasolina E10 (Comercial)",Factores!$E$17,IF($C41="GLP Cartagena",Factores!$E$18,IF($C41="GLP Barrancabermeja",Factores!$E$19,IF($C41="GLP Cusiana",Factores!$E$20,IF($C41="GLP Genérico",Factores!$E$21, "0")))))))))))))))) -> 0 | I41: =(H41*G41)/1000000 -> 0 | J41: =IF($C41="Kerosene",Factores!$F$6,IF($C41="Combustoleo",Factores!$F$7,IF($C41="Crudo de Castilla",Factores!$F$8,IF($C41="Avigas",Factores!$F$9,IF($C41="Jet A1",Factores!$F$10,IF($C41="Biodiesel palma",Factores!$F$11,IF($C41="Etanol Anhidro",Factores!$F$12,IF($C41="Fuel Oil # 4 - Ecopetrol",Factores!$F$13, IF($C41="Gasolina Motor",Factores!$F$14,IF($C41="Diesel Marino",Factores!$F$15,IF($C41="Diesel B2",Factores!$F$16,IF($C41="Gasolina E10 (Comercial)",Factores!$F$17,IF($C41="GLP Cartagena",Factores!$F$18,IF($C41="GLP Barrancabermeja",Factores!$F$19,IF($C41="GLP Cusiana",Factores!$F$20,IF($C41="GLP Genérico",Factores!$F$21, "0")))))))))))))))) -> 0 | K41: =IF($C41="Kerosene",Factores!$G$6,IF($C41="Combustoleo",Factores!$G$7,IF($C41="Crudo de Castilla",Factores!$G$8,IF($C41="Avigas",Factores!$G$9,IF($C41="Jet A1",Factores!$G$10,IF($C41="Biodiesel palma",Factores!$G$11,IF($C41="Etanol Anhidro",Factores!$G$12,IF($C41="Fuel Oil # 4 - Ecopetrol",Factores!$G$13, IF($C41="Gasolina Motor",Factores!$G$14,IF($C41="Diesel Marino",Factores!$G$15,IF($C41="Diesel B2",Factores!$G$16,IF($C41="Gasolina E10 (Comercial)",Factores!$G$17,IF($C41="GLP Cartagena",Factores!$G$18,IF($C41="GLP Barrancabermeja",Factores!$G$19,IF($C41="GLP Cusiana",Factores!$G$20,IF($C41="GLP Genérico",Factores!$G$21, "0")))))))))))))))) -> 0 | L41: =IF($C41="Kerosene",Factores!$I$6,IF($C41="Combustoleo",Factores!$I$7,IF($C41="Crudo de Castilla",Factores!$I$8,IF($C41="Avigas",Factores!$I$9,IF($C41="Jet A1",Factores!$I$10,IF($C41="Biodiesel palma",Factores!$I$11,IF($C41="Etanol Anhidro",Factores!$I$12,IF($C41="Fuel Oil # 4 - Ecopetrol",Factores!$I$13, IF($C41="Gasolina Motor",Factores!$I$14,IF($C41="Diesel Marino",Factores!$I$15,IF($C41="Diesel B2",Factores!$I$16,IF($C41="Gasolina E10 (Comercial)",Factores!$I$17,IF($C41="GLP Cartagena",Factores!$I$18,IF($C41="GLP Barrancabermeja",Factores!$I$19,IF($C41="GLP Cusiana",Factores!$I$20,IF($C41="GLP Genérico",Factores!$I$21, "0")))))))))))))))) -> 0 | M41: =IF($C41="Kerosene",Factores!$J$6,IF($C41="Combustoleo",Factores!$J$7,IF($C41="Crudo de Castilla",Factores!$J$8,IF($C41="Avigas",Factores!$J$9,IF($C41="Jet A1",Factores!$J$10,IF($C41="Biodiesel palma",Factores!$J$11,IF($C41="Etanol Anhidro",Factores!$J$12,IF($C41="Fuel Oil # 4 - Ecopetrol",Factores!$J$13, IF($C41="Gasolina Motor",Factores!$J$14,IF($C41="Diesel Marino",Factores!$J$15,IF($C41="Diesel B2",Factores!$J$16,IF($C41="Gasolina E10 (Comercial)",Factores!$J$17,IF($C41="GLP Cartagena",Factores!$J$18,IF($C41="GLP Barrancabermeja",Factores!$J$19,IF($C41="GLP Cusiana",Factores!$J$20,IF($C41="GLP Genérico",Factores!$J$21, "0")))))))))))))))) -> 0 | N41: =$J41*$I41 -> 0 | O41: =$K41*$I41 -> 0 | P41: =$I41*$L41 -> 0 | Q41: =$I41*$M41 -> 0
N42: =SUM(N26:N41) -> 423.42128 | O42: =SUM(O26:O41) -> 0.017179741 | P42: =SUM(P26:P41) -> 0.0034359482 | Q42: =SUM(Q26:Q41) -> 0.24051752

Sheet Combustibles Sólidos
B1: ALCANCE 1. EMISIONES DIRECTAS POR CONSUMO DE COMBUSTIBLES SÓLIDOS
B3: No. | C3: Combustibles | D3: Consumo anual (Kg) | E3: Poder calorífico (MJ/kg) | F3: Consumo de energía (TJ) | G3: Factor de emisión CO2 (Kg CO2 / TJ) | H3: Factor de emisión CH4 (Kg CH4 / TJ) | I3: Factor de emisión N2O (Kg N2O / TJ) | J3: Factor de emisión SO2 (Kg SO2 / TJ) | K3: Emisión CO2 (Kg CO2 / TJ) | L3: Emisión CH4 (Kg CH4 / TJ) | M3: Emisión N2O (Kg N2O / TJ) | N3: Emisión SO2 (Kg SO2 / TJ) | O3: EMISIONES TOTALES (Ton CO2 eq)
B4: 1 | C4: Carbón Guajira | D4: 44 | E4: =IF($C4="Carbón Genérico",Factores!$D$27,IF($C4="Carbón Guajira - Cesar",Factores!$D$28,IF($C4="Carbón Guajira",Factores!$D$29,IF($C4="Carbón Cundinamarca",Factores!$D$30,IF($C4="Carbón Cauca - Valle del Cauca",Factores!$D$31,IF($C4="Carbón Norte de Santander",Factores!$D$32,IF($C4="Carbón Córdoba-Norte de Antioquia",Factores!$D$33,IF($C4="Carbón Santander",Factores!$D$34,IF($C4="Carbón Santander Sogamoso",Factores!$D$35,IF($C4="Carbón Boyacá",Factores!$D$36,IF($C4="Carbón Antioquia",Factores!$D$37,IF($C4="Bagazo",Factores!$D$38,IF($C4="Fibra de palma",Factores!$D$39,IF($C4="Cuesco de palma",Factores!$D$40,IF($C4="Raquis de palma",Factores!$D$41,IF($C4="Cascarilla de Arroz",Factores!$D$42,IF($C4="Borra de Café",Factores!$D$43,IF($C4="Cisco de Café",Factores!$D$44,IF($C4="Leña",Factores!$D$45,IF($C4="Madera Genérico",Factores!$D$46,IF($C4="Madera Eucalipto",Factores!$D$47,IF($C4="Madera Pino",Factores!$D$48,IF($C4="Madera Acacia",Factores!$D$49,IF($C4="Madera Melina",Factores!$D$50,IF($C4="Residuos de llantas",Factores!$D$51,"0"))))))))))))))))))))))))) -> 30.417 | F4: =(D4*E4)/1000000 -> 0.001338348 | G4: =IF($C4="Carbón Genérico",Factores!$E$27,IF($C4="Carbón Guajira - Cesar",Factores!$E$28,IF($C4="Carbón Guajira",Factores!$E$29,IF($C4="Carbón Cundinamarca",Factores!$E$30,IF($C4="Carbón Cauca - Valle del Cauca",Factores!$E$31,IF($C4="Carbón Norte de Santander",Factores!$E$32,IF($C4="Carbón Córdoba-Norte de Antioquia",Factores!$E$33,IF($C4="Carbón Santander",Factores!$E$34,IF($C4="Carbón Santander Sogamoso",Factores!$E$35,IF($C4="Carbón Boyacá",Factores!$E$36,IF($C4="Carbón Antioquia",Factores!$E$37,IF($C4="Bagazo",Factores!$E$38,IF($C4="Fibra de palma",Factores!$E$39,IF($C4="Cuesco de palma",Factores!$E$40,IF($C4="Raquis de palma",Factores!$E$41,IF($C4="Cascarilla de Arroz",Factores!$E$42,IF($C4="Borra de Café",Factores!$E$43,IF($C4="Cisco de Café",Factores!$E$44,IF($C4="Leña",Factores!$E$45,IF($C4="Madera Genérico",Factores!$E$46,IF($C4="Madera Eucalipto",Factores!$E$47,IF($C4="Madera Pino",Factores!$E$48,IF($C4="Madera Acacia",Factores!$E$49,IF($C4="Madera Melina",Factores!$E$50,IF($C4="Residuos de llantas",Factores!$E$51,"0"))))))))))))))))))))))))) -> 95146.446 | H4: =IF($C4="Carbón Genérico",Factores!$F$27,IF($C4="Carbón Guajira - Cesar",Factores!$F$28,IF($C4="Carbón Guajira",Factores!$F$29,IF($C4="Carbón Cundinamarca",Factores!$F$30,IF($C4="Carbón Cauca - Valle del Cauca",Factores!$F$31,IF($C4="Carbón Norte de Santander",Factores!$F$32,IF($C4="Carbón Córdoba-Norte de Antioquia",Factores!$F$33,IF($C4="Carbón Santander",Factores!$F$34,IF($C4="Carbón Santander Sogamoso",Factores!$F$35,IF($C4="Carbón Boyacá",Factores!$F$36,IF($C4="Carbón Antioquia",Factores!$F$37,IF($C4="Bagazo",Factores!$F$38,IF($C4="Fibra de palma",Factores!$F$39,IF($C4="Cuesco de palma",Factores!$F$40,IF($C4="Raquis de palma",Factores!$F$41,IF($C4="Cascarilla de Arroz",Factores!$F$42,IF($C4="Borra de Café",Factores!$F$43,IF($C4="Cisco de Café",Factores!$F$44,IF($C4="Leña",Factores!$F$45,IF($C4="Madera Genérico",Factores!$F$46,IF($C4="Madera Eucalipto",Factores!$F$47,IF($C4="Madera Pino",Factores!$F$48,IF($C4="Madera Acacia",Factores!$F$49,IF($C4="Madera Melina",Factores!$F$50,IF($C4="Residuos de llantas",Factores!$F$51,"0"))))))))))))))))))))))))) -> 1 | I4: =IF($C4="Carbón Genérico",Factores!$G$27,IF($C4="Carbón Guajira - Cesar",Factores!$G$28,IF($C4="Carbón Guajira",Factores!$G$29,IF($C4="Carbón Cundinamarca",Factores!$G$30,IF($C4="Carbón Cauca - Valle del Cauca",Factores!$G$31,IF($C4="Carbón Norte de Santander",Factores!$G$32,IF($C4="Carbón Córdoba-Norte de Antioquia",Factores!$G$33,IF($C4="Carbón Santander",Factores!$G$34,IF($C4="Carbón Santander Sogamoso",Factores!$G$35,IF($C4="Carbón Boyacá",Factores!$G$36,IF($C4="Carbón Antioquia",Factores!$G$37,IF($C4="Bagazo",Factores!$G$38,IF($C4="Fibra de palma",Factores!$G$39,IF($C4="Cuesco de palma",Factores!$G$40,IF($C4="Raquis de palma",Factores!$G$41,IF($C4="Cascarilla de Arroz",Factores!$G$42,IF($C4="Borra de Café",Factores!$G$43,IF($C4="Cisco de Café",Factores!$G$44,IF($C4="Leña",Factores!$G$45,IF($C4="Madera Genérico",Factores!$G$46,IF($C4="Madera Eucalipto",Factores!$G$47,IF($C4="Madera Pino",Factores!$G$48,IF($C4="Madera Acacia",Factores!$G$49,IF($C4="Madera Melina",Factores!$G$50,IF($C4="Residuos de llantas",Factores!$G$51,"0"))))))))))))))))))))))))) -> 1.5 | J4: =IF($C4="Carbón Genérico",Factores!$H$27,IF($C4="Carbón Guajira - Cesar",Factores!$H$28,IF($C4="Carbón Guajira",Factores!$H$29,IF($C4="Carbón Cundinamarca",Factores!$H$30,IF($C4="Carbón Cauca - Valle del Cauca",Factores!$H$31,IF($C4="Carbón Norte de Santander",Factores!$H$32,IF($C4="Carbón Córdoba-Norte de Antioquia",Factores!$H$33,IF($C4="Carbón Santander",Factores!$H$34,IF($C4="Carbón Santander Sogamoso",Factores!$H$35,IF($C4="Carbón Boyacá",Factores!$H$36,IF($C4="Carbón Antioquia",Factores!$H$37,IF($C4="Bagazo",Factores!$H$38,IF($C4="Fibra de palma",Factores!$H$39,IF($C4="Cuesco de palma",Factores!$H$40,IF($C4="Raquis de palma",Factores!$H$41,IF($C4="Cascarilla de Arroz",Factores!$H$42,IF($C4="Borra de Café",Factores!$H$43,IF($C4="Cisco de Café",Factores!$H$44,IF($C4="Leña",Factores!$H$45,IF($C4="Madera Genérico",Factores!$H$46,IF($C4="Madera Eucalipto",Factores!$H$47,IF($C4="Madera Pino",Factores!$H$48,IF($C4="Madera Acacia",Factores!$H$49,IF($C4="Madera Melina",Factores!$H$50,IF($C4="Residuos de llantas",Factores!$H$51,"0"))))))))))))))))))))))))) -> 427.5182 | K4: =$F4*$G4 -> 127.33906 | L4: =$F4*$H4 -> 0.001338348 | M4: =$F4*$I4 -> 0.002007522 | N4: =$F4*$J4 -> 0.57216813 | O4: =SUM(K29,L29,M29,N29)/1000 -> 0.82321965
B5: 2 | C5: Leña | D5: 44 | E5: =IF($C5="Carbón Genérico",Factores!$D$27,IF($C5="Carbón Guajira - Cesar",Factores!$D$28,IF($C5="Carbón Guajira",Factores!$D$29,IF($C5="Carbón Cundinamarca",Factores!$D$30,IF($C5="Carbón Cauca - Valle del Cauca",Factores!$D$31,IF($C5="Carbón Norte de Santander",Factores!$D$32,IF($C5="Carbón Córdoba-Norte de Antioquia",Factores!$D$33,IF($C5="Carbón Santander",Factores!$D$34,IF($C5="Carbón Santander Sogamoso",Factores!$D$35,IF($C5="Carbón Boyacá",Factores!$D$36,IF($C5="Carbón Antioquia",Factores!$D$37,IF($C5="Bagazo",Factores!$D$38,IF($C5="Fibra de palma",Factores!$D$39,IF($C5="Cuesco de palma",Factores!$D$40,IF($C5="Raquis de palma",Factores!$D$41,IF($C5="Cascarilla de Arroz",Factores!$D$42,IF($C5="Borra de Café",Factores!$D$43,IF($C5="Cisco de Café",Factores!$D$44,IF($C5="Leña",Factores!$D$45,IF($C5="Madera Genérico",Factores!$D$46,IF($C5="Madera Eucalipto",Factores!$D$47,IF($C5="Madera Pino",Factores!$D$48,IF($C5="Madera Acacia",Factores!$D$49,IF($C5="Madera Melina",Factores!$D$50,IF($C5="Residuos de llantas",Factores!$D$51,"0"))))))))))))))))))))))))) -> 16.993 | F5: =(D5*E5)/1000000 -> 0.000747692 | G5: =IF($C5="Carbón Genérico",Factores!$E$27,IF($C5="Carbón Guajira - Cesar",Factores!$E$28,IF($C5="Carbón Guajira",Factores!$E$29,IF($C5="Carbón Cundinamarca",Factores!$E$30,IF($C5="Carbón Cauca - Valle del Cauca",Factores!$E$31,IF($C5="Carbón Norte de Santander",Factores!$E$32,IF($C5="Carbón Córdoba-Norte de Antioquia",Factores!$E$33,IF($C5="Carbón Santander",Factores!$E$34,IF($C5="Carbón Santander Sogamoso",Factores!$E$35,IF($C5="Carbón Boyacá",Factores!$E$36,IF($C5="Carbón Antioquia",Factores!$E$37,IF($C5="Bagazo",Factores!$E$38,IF($C5="Fibra de palma",Factores!$E$39,IF($C5="Cuesco de palma",Factores!$E$40,IF($C5="Raquis de palma",Factores!$E$41,IF($C5="Cascarilla de Arroz",Factores!$E$42,IF($C5="Borra de Café",Factores!$E$43,IF($C5="Cisco de Café",Factores!$E$44,IF($C5="Leña",Factores!$E$45,IF($C5="Madera Genérico",Factores!$E$46,IF($C5="Madera Eucalipto",Factores!$E$47,IF($C5="Madera Pino",Factores!$E$48,IF($C5="Madera Acacia",Factores!$E$49,IF($C5="Madera Melina",Factores!$E$50,IF($C5="Residuos de llantas",Factores!$E$51,"0"))))))))))))))))))))))))) -> 89525.027 | H5: =IF($C5="Carbón Genérico",Factores!$F$27,IF($C5="Carbón Guajira - Cesar",Factores!$F$28,IF($C5="Carbón Guajira",Factores!$F$29,IF($C5="Carbón Cundinamarca",Factores!$F$30,IF($C5="Carbón Cauca - Valle del Cauca",Factores!$F$31,IF($C5="Carbón Norte de Santander",Factores!$F$32,IF($C5="Carbón Córdoba-Norte de Antioquia",Factores!$F$33,IF($C5="Carbón Santander",Factores!$F$34,IF($C5="Carbón Santander Sogamoso",Factores!$F$35,IF($C5="Carbón Boyacá",Factores!$F$36,IF($C5="Carbón Antioquia",Factores!$F$37,IF($C5="Bagazo",Factores!$F$38,IF($C5="Fibra de palma",Factores!$F$39,IF($C5="Cuesco de palma",Factores!$F$40,IF($C5="Raquis de palma",Factores!$F$41,IF($C5="Cascarilla de Arroz",Factores!$F$42,IF($C5="Borra de Café",Factores!$F$43,IF($C5="Cisco de Café",Factores!$F$44,IF($C5="Leña",Factores!$F$45,IF($C5="Madera Genérico",Factores!$F$46,IF($C5="Madera Eucalipto",Factores!$F$47,IF($C5="Madera Pino",Factores!$F$48,IF($C5="Madera Acacia",Factores!$F$49,IF($C5="Madera Melina",Factores!$F$50,IF($C5="Residuos de llantas",Factores!$F$51,"0"))))))))))))))))))))))))) -> 30 | I5: =IF($C5="Carbón Genérico",Factores!$G$27,IF($C5="Carbón Guajira - Cesar",Factores!$G$28,IF($C5="Carbón Guajira",Factores!$G$29,IF($C5="Carbón Cundinamarca",Factores!$G$30,IF($C5="Carbón Cauca - Valle del Cauca",Factores!$G$31,IF($C5="Carbón Norte de Santander",Factores!$G$32,IF($C5="Carbón Córdoba-Norte de Antioquia",Factores!$G$33,IF($C5="Carbón Santander",Factores!$G$34,IF($C5="Carbón Santander Sogamoso",Factores!$G$35,IF($C5="Carbón Boyacá",Factores!$G$36,IF($C5="Carbón Antioquia",Factores!$G$37,IF($C5="Bagazo",Factores!$G$38,IF($C5="Fibra de palma",Factores!$G$39,IF($C5="Cuesco de palma",Factores!$G$40,IF($C5="Raquis de palma",Factores!$G$41,IF($C5="Cascarilla de Arroz",Factores!$G$42,IF($C5="Borra de Café",Factores!$G$43,IF($C5="Cisco de Café",Factores!$G$44,IF($C5="Leña",Factores!$G$45,IF($C5="Madera Genérico",Factores!$G$46,IF($C5="Madera Eucalipto",Factores!$G$47,IF($C5="Madera Pino",Factores!$G$48,IF($C5="Madera Acacia",Factores!$G$49,IF($C5="Madera Melina",Factores!$G$50,IF($C5="Residuos de llantas",Factores!$G$51,"0"))))))))))))))))))))))))) -> 4 | J5: =IF($C5="Carbón Genérico",Factores!$H$27,IF($C5="Carbón Guajira - Cesar",Factores!$H$28,IF($C5="Carbón Guajira",Factores!$H$29,IF($C5="Carbón Cundinamarca",Factores!$H$30,IF($C5="Carbón Cauca - Valle del Cauca",Factores!$H$31,IF($C5="Carbón Norte de Santander",Factores!$H$32,IF($C5="Carbón Córdoba-Norte de Antioquia",Factores!$H$33,IF($C5="Carbón Santander",Factores!$H$34,IF($C5="Carbón Santander Sogamoso",Factores!$H$35,IF($C5="Carbón Boyacá",Factores!$H$36,IF($C5="Carbón Antioquia",Factores!$H$37,IF($C5="Bagazo",Factores!$H$38,IF($C5="Fibra de palma",Factores!$H$39,IF($C5="Cuesco de palma",Factores!$H$40,IF($C5="Raquis de palma",Factores!$H$41,IF($C5="Cascarilla de Arroz",Factores!$H$42,IF($C5="Borra de Café",Factores!$H$43,IF($C5="Cisco de Café",Factores!$H$44,IF($C5="Leña",Factores!$H$45,IF($C5="Madera Genérico",Factores!$H$46,IF($C5="Madera Eucalipto",Factores!$H$47,IF($C5="Madera Pino",Factores!$H$48,IF($C5="Madera Acacia",Factores!$H$49,IF($C5="Madera Melina",Factores!$H$50,IF($C5="Residuos de llantas",Factores!$H$51,"0"))))))))))))))))))))))))) -> 0 | K5: =$F5*$G5 -> 66.937146 | L5: =$F5*$H5 -> 0.02243076 | M5: =$F5*$I5 -> 0.002990768 | N5: =$F5*$J5 -> 0
B6: 3 | C6: Carbón Santander | D6: 44 | E6: =IF($C6="Carbón Genérico",Factores!$D$27,IF($C6="Carbón Guajira - Cesar",Factores!$D$28,IF($C6="Carbón Guajira",Factores!$D$29,IF($C6="Carbón Cundinamarca",Factores!$D$30,IF($C6="Carbón Cauca - Valle del Cauca",Factores!$D$31,IF($C6="Carbón Norte de Santander",Factores!$D$32,IF($C6="Carbón Córdoba-Norte de Antioquia",Factores!$D$33,IF($C6="Carbón Santander",Factores!$D$34,IF($C6="Carbón Santander Sogamoso",Factores!$D$35,IF($C6="Carbón Boyacá",Factores!$D$36,IF($C6="Carbón Antioquia",Factores!$D$37,IF($C6="Bagazo",Factores!$D$38,IF($C6="Fibra de palma",Factores!$D$39,IF($C6="Cuesco de palma",Factores!$D$40,IF($C6="Raquis de palma",Factores!$D$41,IF($C6="Cascarilla de Arroz",Factores!$D$42,IF($C6="Borra de Café",Factores!$D$43,IF($C6="Cisco de Café",Factores!$D$44,IF($C6="Leña",Factores!$D$45,IF($C6="Madera Genérico",Factores!$D$46,IF($C6="Madera Eucalipto",Factores!$D$47,IF($C6="Madera Pino",Factores!$D$48,IF($C6="Madera Acacia",Factores!$D$49,IF($C6="Madera Melina",Factores!$D$50,IF($C6="Residuos de llantas",Factores!$D$51,"0"))))))))))))))))))))))))) -> 33.077 | F6: =(D6*E6)/1000000 -> 0.001455388 | G6: =IF($C6="Carbón Genérico",Factores!$E$27,IF($C6="Carbón Guajira - Cesar",Factores!$E$28,IF($C6="Carbón Guajira",Factores!$E$29,IF($C6="Carbón Cundinamarca",Factores!$E$30,IF($C6="Carbón Cauca - Valle del Cauca",Factores!$E$31,IF($C6="Carbón Norte de Santander",Factores!$E$32,IF($C6="Carbón Córdoba-Norte de Antioquia",Factores!$E$33,IF($C6="Carbón Santander",Factores!$E$34,IF($C6="Carbón Santander Sogamoso",Factores!$E$35,IF($C6="Carbón Boyacá",Factores!$E$36,IF($C6="Carbón Antioquia",Factores!$E$37,IF($C6="Bagazo",Factores!$E$38,IF($C6="Fibra de palma",Factores!$E$39,IF($C6="Cuesco de palma",Factores!$E$40,IF($C6="Raquis de palma",Factores!$E$41,IF($C6="Cascarilla de Arroz",Factores!$E$42,IF($C6="Borra de Café",Factores!$E$43,IF($C6="Cisco de Café",Factores!$E$44,IF($C6="Leña",Factores!$E$45,IF($C6="Madera Genérico",Factores!$E$46,IF($C6="Madera Eucalipto",Factores!$E$47,IF($C6="Madera Pino",Factores!$E$48,IF($C6="Madera Acacia",Factores!$E$49,IF($C6="Madera Melina",Factores!$E$50,IF($C6="Residuos de llantas",Factores!$E$51,"0"))))))))))))))))))))))))) -> 77405.145 | H6: =IF($C6="Carbón Genérico",Factores!$F$27,IF($C6="Carbón Guajira - Cesar",Factores!$F$28,IF($C6="Carbón Guajira",Factores!$F$29,IF($C6="Carbón Cundinamarca",Factores!$F$30,IF($C6="Carbón Cauca - Valle del Cauca",Factores!$F$31,IF($C6="Carbón Norte de Santander",Factores!$F$32,IF($C6="Carbón Córdoba-Norte de Antioquia",Factores!$F$33,IF($C6="Carbón Santander",Factores!$F$34,IF($C6="Carbón Santander Sogamoso",Factores!$F$35,IF($C6="Carbón Boyacá",Factores!$F$36,IF($C6="Carbón Antioquia",Factores!$F$37,IF($C6="Bagazo",Factores!$F$38,IF($C6="Fibra de palma",Factores!$F$39,IF($C6="Cuesco de palma",Factores!$F$40,IF($C6="Raquis de palma",Factores!$F$41,IF($C6="Cascarilla de Arroz",Factores!$F$42,IF($C6="Borra de Café",Factores!$F$43,IF($C6="Cisco de Café",Factores!$F$44,IF($C6="Leña",Factores!$F$45,IF($C6="Madera Genérico",Factores!$F$46,IF($C6="Madera Eucalipto",Factores!$F$47,IF($C6="Madera Pino",Factores!$F$48,IF($C6="Madera Acacia",Factores!$F$49,IF($C6="Madera Melina",Factores!$F$50,IF($C6="Residuos de llantas",Factores!$F$51,"0"))))))))))))))))))))))))) -> 1 | I6: =IF($C6="Carbón Genérico",Factores!$G$27,IF($C6="Carbón Guajira - Cesar",Factores!$G$28,IF($C6="Carbón Guajira",Factores!$G$29,IF($C6="Carbón Cundinamarca",Factores!$G$30,IF($C6="Carbón Cauca - Valle del Cauca",Factores!$G$31,IF($C6="Carbón Norte de Santander",Factores!$G$32,IF($C6="Carbón Córdoba-Norte de Antioquia",Factores!$G$33,IF($C6="Carbón Santander",Factores!$G$34,IF($C6="Carbón Santander Sogamoso",Factores!$G$35,IF($C6="Carbón Boyacá",Factores!$G$36,IF($C6="Carbón Antioquia",Factores!$G$37,IF($C6="Bagazo",Factores!$G$38,IF($C6="Fibra de palma",Factores!$G$39,IF($C6="Cuesco de palma",Factores!$G$40,IF($C6="Raquis de palma",Factores!$G$41,IF($C6="Cascarilla de Arroz",Factores!$G$42,IF($C6="Borra de Café",Factores!$G$43,IF($C6="Cisco de Café",Factores!$G$44,IF($C6="Leña",Factores!$G$45,IF($C6="Madera Genérico",Factores!$G$46,IF($C6="Madera Eucalipto",Factores!$G$47,IF($C6="Madera Pino",Factores!$G$48,IF($C6="Madera Acacia",Factores!$G$49,IF($C6="Madera Melina",Factores!$G$50,IF($C6="Residuos de llantas",Factores!$G$51,"0"))))))))))))))))))))))))) -> 1.5 | J6: =IF($C6="Carbón Genérico",Factores!$H$27,IF($C6="Carbón Guajira - Cesar",Factores!$H$28,IF($C6="Carbón Guajira",Factores!$H$29,IF($C6="Carbón Cundinamarca",Factores!$H$30,IF($C6="Carbón Cauca - Valle del Cauca",Factores!$H$31,IF($C6="Carbón Norte de Santander",Factores!$H$32,IF($C6="Carbón Córdoba-Norte de Antioquia",Factores!$H$33,IF($C6="Carbón Santander",Factores!$H$34,IF($C6="Carbón Santander Sogamoso",Factores!$H$35,IF($C6="Carbón Boyacá",Factores!$H$36,IF($C6="Carbón Antioquia",Factores!$H$37,IF($C6="Bagazo",Factores!$H$38,IF($C6="Fibra de palma",Factores!$H$39,IF($C6="Cuesco de palma",Factores!$H$40,IF($C6="Raquis de palma",Factores!$H$41,IF($C6="Cascarilla de Arroz",Factores!$H$42,IF($C6="Borra de Café",Factores!$H$43,IF($C6="Cisco de Café",Factores!$H$44,IF($C6="Leña",Factores!$H$45,IF($C6="Madera Genérico",Factores!$H$46,IF($C6="Madera Eucalipto",Factores!$H$47,IF($C6="Madera Pino",Factores!$H$48,IF($C6="Madera Acacia",Factores!$H$49,IF($C6="Madera Melina",Factores!$H$50,IF($C6="Residuos de llantas",Factores!$H$51,"0"))))))))))))))))))))))))) -> 11860.282 | K6: =$F6*$G6 -> 112.65452 | L6: =$F6*$H6 -> 0.001455388 | M6: =$F6*$I6 -> 0.002183082 | N6: =$F6*$J6 -> 17.261313
B7: 4 | C7: Carbón Guajira - Cesar | D7: 44 | E7: =IF($C7="Carbón Genérico",Factores!$D$27,IF($C7="Carbón Guajira - Cesar",Factores!$D$28,IF($C7="Carbón Guajira",Factores!$D$29,IF($C7="Carbón Cundinamarca",Factores!$D$30,IF($C7="Carbón Cauca - Valle del Cauca",Factores!$D$31,IF($C7="Carbón Norte de Santander",Factores!$D$32,IF($C7="Carbón Córdoba-Norte de Antioquia",Factores!$D$33,IF($C7="Carbón Santander",Factores!$D$34,IF($C7="Carbón Santander Sogamoso",Factores!$D$35,IF($C7="Carbón Boyacá",Factores!$D$36,IF($C7="Carbón Antioquia",Factores!$D$37,IF($C7="Bagazo",Factores!$D$38,IF($C7="Fibra de palma",Factores!$D$39,IF($C7="Cuesco de palma",Factores!$D$40,IF($C7="Raquis de palma",Factores!$D$41,IF($C7="Cascarilla de Arroz",Factores!$D$42,IF($C7="Borra de Café",Factores!$D$43,IF($C7="Cisco de Café",Factores!$D$44,IF($C7="Leña",Factores!$D$45,IF($C7="Madera Genérico",Factores!$D$46,IF($C7="Madera Eucalipto",Factores!$D$47,IF($C7="Madera Pino",Factores!$D$48,IF($C7="Madera Acacia",Factores!$D$49,IF($C7="Madera Melina",Factores!$D$50,IF($C7="Residuos de llantas",Factores!$D$51,"0"))))))))))))))))))))))))) -> 26.622 | F7: =(D7*E7)/1000000 -> 0.001171368 | G7: =IF($C7="Carbón Genérico",Factores!$E$27,IF($C7="Carbón Guajira - Cesar",Factores!$E$28,IF($C7="Carbón Guajira",Factores!$E$29,IF($C7="Carbón Cundinamarca",Factores!$E$30,IF($C7="Carbón Cauca - Valle del Cauca",Factores!$E$31,IF($C7="Carbón Norte de Santander",Factores!$E$32,IF($C7="Carbón Córdoba-Norte de Antioquia",Factores!$E$33,IF($C7="Carbón Santander",Factores!$E$34,IF($C7="Carbón Santander Sogamoso",Factores!$E$35,IF($C7="Carbón Boyacá",Factores!$E$36,IF($C7="Carbón Antioquia",Factores!$E$37,IF($C7="Bagazo",Factores!$E$38,IF($C7="Fibra de palma",Factores!$E$39,IF($C7="Cuesco de palma",Factores!$E$40,IF($C7="Raquis de palma",Factores!$E$41,IF($C7="Cascarilla de Arroz",Factores!$E$42,IF($C7="Borra de Café",Factores!$E$43,IF($C7="Cisco de Café",Factores!$E$44,IF($C7="Leña",Factores!$E$45,IF($C7="Madera Genérico",Factores!$E$46,IF($C7="Madera Eucalipto",Factores!$E$47,IF($C7="Madera Pino",Factores!$E$48,IF($C7="Madera Acacia",Factores!$E$49,IF($C7="Madera Melina",Factores!$E$50,IF($C7="Residuos de llantas",Factores!$E$51,"0"))))))))))))))))))))))))) -> 81163.156 | H7: =IF($C7="Carbón Genérico",Factores!$F$27,IF($C7="Carbón Guajira - Cesar",Factores!$F$28,IF($C7="Carbón Guajira",Factores!$F$29,IF($C7="Carbón Cundinamarca",Factores!$F$30,IF($C7="Carbón Cauca - Valle del Cauca",Factores!$F$31,IF($C7="Carbón Norte de Santander",Factores!$F$32,IF($C7="Carbón Córdoba-Norte de Antioquia",Factores!$F$33,IF($C7="Carbón Santander",Factores!$F$34,IF($C7="Carbón Santander Sogamoso",Factores!$F$35,IF($C7="Carbón Boyacá",Factores!$F$36,IF($C7="Carbón Antioquia",Factores!$F$37,IF($C7="Bagazo",Factores!$F$38,IF($C7="Fibra de palma",Factores!$F$39,IF($C7="Cuesco de palma",Factores!$F$40,IF($C7="Raquis de palma",Factores!$F$41,IF($C7="Cascarilla de Arroz",Factores!$F$42,IF($C7="Borra de Café",Factores!$F$43,IF($C7="Cisco de Café",Factores!$F$44,IF($C7="Leña",Factores!$F$45,IF($C7="Madera Genérico",Factores!$F$46,IF($C7="Madera Eucalipto",Factores!$F$47,IF($C7="Madera Pino",Factores!$F$48,IF($C7="Madera Acacia",Factores!$F$49,IF($C7="Madera Melina",Factores!$F$50,IF($C7="Residuos de llantas",Factores!$F$51,"0"))))))))))))))))))))))))) -> 1 | I7: =IF($C7="Carbón Genérico",Factores!$G$27,IF($C7="Carbón Guajira - Cesar",Factores!$G$28,IF($C7="Carbón Guajira",Factores!$G$29,IF($C7="Carbón Cundinamarca",Factores!$G$30,IF($C7="Carbón Cauca - Valle del Cauca",Factores!$G$31,IF($C7="Carbón Norte de Santander",Factores!$G$32,IF($C7="Carbón Córdoba-Norte de Antioquia",Factores!$G$33,IF($C7="Carbón Santander",Factores!$G$34,IF($C7="Carbón Santander Sogamoso",Factores!$G$35,IF($C7="Carbón Boyacá",Factores!$G$36,IF($C7="Carbón Antioquia",Factores!$G$37,IF($C7="Bagazo",Factores!$G$38,IF($C7="Fibra de palma",Factores!$G$39,IF($C7="Cuesco de palma",Factores!$G$40,IF($C7="Raquis de palma",Factores!$G$41,IF($C7="Cascarilla de Arroz",Factores!$G$42,IF($C7="Borra de Café",Factores!$G$43,IF($C7="Cisco de Café",Factores!$G$44,IF($C7="Leña",Factores!$G$45,IF($C7="Madera Genérico",Factores!$G$46,IF($C7="Madera Eucalipto",Factores!$G$47,IF($C7="Madera Pino",Factores!$G$48,IF($C7="Madera Acacia",Factores!$G$49,IF($C7="Madera Melina",Factores!$G$50,IF($C7="Residuos de llantas",Factores!$G$51,"0"))))))))))))))))))))))))) -> 1.5 | J7: =IF($C7="Carbón Genérico",Factores!$H$27,IF($C7="Carbón Guajira - Cesar",Factores!$H$28,IF($C7="Carbón Guajira",Factores!$H$29,IF($C7="Carbón Cundinamarca",Factores!$H$30,IF($C7="Carbón Cauca - Valle del Cauca",Factores!$H$31,IF($C7="Carbón Norte de Santander",Factores!$H$32,IF($C7="Carbón Córdoba-Norte de Antioquia",Factores!$H$33,IF($C7="Carbón Santander",Factores!$H$34,IF($C7="Carbón Santander Sogamoso",Factores!$H$35,IF($C7="Carbón Boyacá",Factores!$H$36,IF($C7="Carbón Antioquia",Factores!$H$37,IF($C7="Bagazo",Factores!$H$38,IF($C7="Fibra de palma",Factores!$H$39,IF($C7="Cuesco de palma",Factores!$H$40,IF($C7="Raquis de palma",Factores!$H$41,IF($C7="Cascarilla de Arroz",Factores!$H$42,IF($C7="Borra de Café",Factores!$H$43,IF($C7="Cisco de Café",Factores!$H$44,IF($C7="Leña",Factores!$H$45,IF($C7="Madera Genérico",Factores!$H$46,IF($C7="Madera Eucalipto",Factores!$H$47,IF($C7="Madera Pino",Factores!$H$48,IF($C7="Madera Acacia",Factores!$H$49,IF($C7="Madera Melina",Factores!$H$50,IF($C7="Residuos de llantas",Factores!$H$51,"0"))))))))))))))))))))))))) -> 1133.7889 | K7: =$F7*$G7 -> 95.071924 | L7: =$F7*$H7 -> 0.001171368 | M7: =$F7*$I7 -> 0.001757052 | N7: =$F7*$J7 -> 1.328084
B8: 5 | E8: =IF($C8="Carbón Genérico",Factores!$D$27,IF($C8="Carbón Guajira - Cesar",Factores!$D$28,IF($C8="Carbón Guajira",Factores!$D$29,IF($C8="Carbón Cundinamarca",Factores!$D$30,IF($C8="Carbón Cauca - Valle del Cauca",Factores!$D$31,IF($C8="Carbón Norte de Santander",Factores!$D$32,IF($C8="Carbón Córdoba-Norte de Antioquia",Factores!$D$33,IF($C8="Carbón Santander",Factores!$D$34,IF($C8="Carbón Santander Sogamoso",Factores!$D$35,IF($C8="Carbón Boyacá",Factores!$D$36,IF($C8="Carbón Antioquia",Factores!$D$37,IF($C8="Bagazo",Factores!$D$38,IF($C8="Fibra de palma",Factores!$D$39,IF($C8="Cuesco de palma",Factores!$D$40,IF($C8="Raquis de palma",Factores!$D$41,IF($C8="Cascarilla de Arroz",Factores!$D$42,IF($C8="Borra de Café",Factores!$D$43,IF($C8="Cisco de Café",Factores!$D$44,IF($C8="Leña",Factores!$D$45,IF($C8="Madera Genérico",Factores!$D$46,IF($C8="Madera Eucalipto",Factores!$D$47,IF($C8="Madera Pino",Factores!$D$48,IF($C8="Madera Acacia",Factores!$D$49,IF($C8="Madera Melina",Factores!$D$50,IF($C8="Residuos de llantas",Factores!$D$51,"0"))))))))))))))))))))))))) -> 0 | F8: =(D8*E8)/1000000 -> 0 | G8: =IF($C8="Carbón Genérico",Factores!$E$27,IF($C8="Carbón Guajira - Cesar",Factores!$E$28,IF($C8="Carbón Guajira",Factores!$E$29,IF($C8="Carbón Cundinamarca",Factores!$E$30,IF($C8="Carbón Cauca - Valle del Cauca",Factores!$E$31,IF($C8="Carbón Norte de Santander",Factores!$E$32,IF($C8="Carbón Córdoba-Norte de Antioquia",Factores!$E$33,IF($C8="Carbón Santander",Factores!$E$34,IF($C8="Carbón Santander Sogamoso",Factores!$E$35,IF($C8="Carbón Boyacá",Factores!$E$36,IF($C8="Carbón Antioquia",Factores!$E$37,IF($C8="Bagazo",Factores!$E$38,IF($C8="Fibra de palma",Factores!$E$39,IF($C8="Cuesco de palma",Factores!$E$40,IF($C8="Raquis de palma",Factores!$E$41,IF($C8="Cascarilla de Arroz",Factores!$E$42,IF($C8="Borra de Café",Factores!$E$43,IF($C8="Cisco de Café",Factores!$E$44,IF($C8="Leña",Factores!$E$45,IF($C8="Madera Genérico",Factores!$E$46,IF($C8="Madera Eucalipto",Factores!$E$47,IF($C8="Madera Pino",Factores!$E$48,IF($C8="Madera Acacia",Factores!$E$49,IF($C8="Madera Melina",Factores!$E$50,IF($C8="Residuos de llantas",Factores!$E$51,"0"))))))))))))))))))))))))) -> 0 | H8: =IF($C8="Carbón Genérico",Factores!$F$27,IF($C8="Carbón Guajira - Cesar",Factores!$F$28,IF($C8="Carbón Guajira",Factores!$F$29,IF($C8="Carbón Cundinamarca",Factores!$F$30,IF($C8="Carbón Cauca - Valle del Cauca",Factores!$F$31,IF($C8="Carbón Norte de Santander",Factores!$F$32,IF($C8="Carbón Córdoba-Norte de Antioquia",Factores!$F$33,IF($C8="Carbón Santander",Factores!$F$34,IF($C8="Carbón Santander Sogamoso",Factores!$F$35,IF($C8="Carbón Boyacá",Factores!$F$36,IF($C8="Carbón Antioquia",Factores!$F$37,IF($C8="Bagazo",Factores!$F$38,IF($C8="Fibra de palma",Factores!$F$39,IF($C8="Cuesco de palma",Factores!$F$40,IF($C8="Raquis de palma",Factores!$F$41,IF($C8="Cascarilla de Arroz",Factores!$F$42,IF($C8="Borra de Café",Factores!$F$43,IF($C8="Cisco de Café",Factores!$F$44,IF($C8="Leña",Factores!$F$45,IF($C8="Madera Genérico",Factores!$F$46,IF($C8="Madera Eucalipto",Factores!$F$47,IF($C8="Madera Pino",Factores!$F$48,IF($C8="Madera Acacia",Factores!$F$49,IF($C8="Madera Melina",Factores!$F$50,IF($C8="Residuos de llantas",Factores!$F$51,"0"))))))))))))))))))))))))) -> 0 | I8: =IF($C8="Carbón Genérico",Factores!$G$27,IF($C8="Carbón Guajira - Cesar",Factores!$G$28,IF($C8="Carbón Guajira",Factores!$G$29,IF($C8="Carbón Cundinamarca",Factores!$G$30,IF($C8="Carbón Cauca - Valle del Cauca",Factores!$G$31,IF($C8="Carbón Norte de Santander",Factores!$G$32,IF($C8="Carbón Córdoba-Norte de Antioquia",Factores!$G$33,IF($C8="Carbón Santander",Factores!$G$34,IF($C8="Carbón Santander Sogamoso",Factores!$G$35,IF($C8="Carbón Boyacá",Factores!$G$36,IF($C8="Carbón Antioquia",Factores!$G$37,IF($C8="Bagazo",Factores!$G$38,IF($C8="Fibra de palma",Factores!$G$39,IF($C8="Cuesco de palma",Factores!$G$40,IF($C8="Raquis de palma",Factores!$G$41,IF($C8="Cascarilla de Arroz",Factores!$G$42,IF($C8="Borra de Café",Factores!$G$43,IF($C8="Cisco de Café",Factores!$G$44,IF($C8="Leña",Factores!$G$45,IF($C8="Madera Genérico",Factores!$G$46,IF($C8="Madera Eucalipto",Factores!$G$47,IF($C8="Madera Pino",Factores!$G$48,IF($C8="Madera Acacia",Factores!$G$49,IF($C8="Madera Melina",Factores!$G$50,IF($C8="Residuos de llantas",Factores!$G$51,"0"))))))))))))))))))))))))) -> 0 | J8: =IF($C8="Carbón Genérico",Factores!$H$27,IF($C8="Carbón Guajira - Cesar",Factores!$H$28,IF($C8="Carbón Guajira",Factores!$H$29,IF($C8="Carbón Cundinamarca",Factores!$H$30,IF($C8="Carbón Cauca - Valle del Cauca",Factores!$H$31,IF($C8="Carbón Norte de Santander",Factores!$H$32,IF($C8="Carbón Córdoba-Norte de Antioquia",Factores!$H$33,IF($C8="Carbón Santander",Factores!$H$34,IF($C8="Carbón Santander Sogamoso",Factores!$H$35,IF($C8="Carbón Boyacá",Factores!$H$36,IF($C8="Carbón Antioquia",Factores!$H$37,IF($C8="Bagazo",Factores!$H$38,IF($C8="Fibra de palma",Factores!$H$39,IF($C8="Cuesco de palma",Factores!$H$40,IF($C8="Raquis de palma",Factores!$H$41,IF($C8="Cascarilla de Arroz",Factores!$H$42,IF($C8="Borra de Café",Factores!$H$43,IF($C8="Cisco de Café",Factores!$H$44,IF($C8="Leña",Factores!$H$45,IF($C8="Madera Genérico",Factores!$H$46,IF($C8="Madera Eucalipto",Factores!$H$47,IF($C8="Madera Pino",Factores!$H$48,IF($C8="Madera Acacia",Factores!$H$49,IF($C8="Madera Melina",Factores!$H$50,IF($C8="Residuos de llantas",Factores!$H$51,"0"))))))))))))))))))))))))) -> 0 | K8: =$F8*$G8 -> 0 | L8: =$F8*$H8 -> 0 | M8: =$F8*$I8 -> 0 | N8: =$F8*$J8 -> 0
B9: 6 | E9: =IF($C9="Carbón Genérico",Factores!$D$27,IF($C9="Carbón Guajira - Cesar",Factores!$D$28,IF($C9="Carbón Guajira",Factores!$D$29,IF($C9="Carbón Cundinamarca",Factores!$D$30,IF($C9="Carbón Cauca - Valle del Cauca",Factores!$D$31,IF($C9="Carbón Norte de Santander",Factores!$D$32,IF($C9="Carbón Córdoba-Norte de Antioquia",Factores!$D$33,IF($C9="Carbón Santander",Factores!$D$34,IF($C9="Carbón Santander Sogamoso",Factores!$D$35,IF($C9="Carbón Boyacá",Factores!$D$36,IF($C9="Carbón Antioquia",Factores!$D$37,IF($C9="Bagazo",Factores!$D$38,IF($C9="Fibra de palma",Factores!$D$39,IF($C9="Cuesco de palma",Factores!$D$40,IF($C9="Raquis de palma",Factores!$D$41,IF($C9="Cascarilla de Arroz",Factores!$D$42,IF($C9="Borra de Café",Factores!$D$43,IF($C9="Cisco de Café",Factores!$D$44,IF($C9="Leña",Factores!$D$45,IF($C9="Madera Genérico",Factores!$D$46,IF($C9="Madera Eucalipto",Factores!$D$47,IF($C9="Madera Pino",Factores!$D$48,IF($C9="Madera Acacia",Factores!$D$49,IF($C9="Madera Melina",Factores!$D$50,IF($C9="Residuos de llantas",Factores!$D$51,"0"))))))))))))))))))))))))) -> 0 | F9: =(D9*E9)/1000000 -> 0 | G9: =IF($C9="Carbón Genérico",Factores!$E$27,IF($C9="Carbón Guajira - Cesar",Factores!$E$28,IF($C9="Carbón Guajira",Factores!$E$29,IF($C9="Carbón Cundinamarca",Factores!$E$30,IF($C9="Carbón Cauca - Valle del Cauca",Factores!$E$31,IF($C9="Carbón Norte de Santander",Factores!$E$32,IF($C9="Carbón Córdoba-Norte de Antioquia",Factores!$E$33,IF($C9="Carbón Santander",Factores!$E$34,IF($C9="Carbón Santander Sogamoso",Factores!$E$35,IF($C9="Carbón Boyacá",Factores!$E$36,IF($C9="Carbón Antioquia",Factores!$E$37,IF($C9="Bagazo",Factores!$E$38,IF($C9="Fibra de palma",Factores!$E$39,IF($C9="Cuesco de palma",Factores!$E$40,IF($C9="Raquis de palma",Factores!$E$41,IF($C9="Cascarilla de Arroz",Factores!$E$42,IF($C9="Borra de Café",Factores!$E$43,IF($C9="Cisco de Café",Factores!$E$44,IF($C9="Leña",Factores!$E$45,IF($C9="Madera Genérico",Factores!$E$46,IF($C9="Madera Eucalipto",Factores!$E$47,IF($C9="Madera Pino",Factores!$E$48,IF($C9="Madera Acacia",Factores!$E$49,IF($C9="Madera Melina",Factores!$E$50,IF($C9="Residuos de llantas",Factores!$E$51,"0"))))))))))))))))))))))))) -> 0 | H9: =IF($C9="Carbón Genérico",Factores!$F$27,IF($C9="Carbón Guajira - Cesar",Factores!$F$28,IF($C9="Carbón Guajira",Factores!$F$29,IF($C9="Carbón Cundinamarca",Factores!$F$30,IF($C9="Carbón Cauca - Valle del Cauca",Factores!$F$31,IF($C9="Carbón Norte de Santander",Factores!$F$32,IF($C9="Carbón Córdoba-Norte de Antioquia",Factores!$F$33,IF($C9="Carbón Santander",Factores!$F$34,IF($C9="Carbón Santander Sogamoso",Factores!$F$35,IF($C9="Carbón Boyacá",Factores!$F$36,IF($C9="Carbón Antioquia",Factores!$F$37,IF($C9="Bagazo",Factores!$F$38,IF($C9="Fibra de palma",Factores!$F$39,IF($C9="Cuesco de palma",Factores!$F$40,IF($C9="Raquis de palma",Factores!$F$41,IF($C9="Cascarilla de Arroz",Factores!$F$42,IF($C9="Borra de Café",Factores!$F$43,IF($C9="Cisco de Café",Factores!$F$44,IF($C9="Leña",Factores!$F$45,IF($C9="Madera Genérico",Factores!$F$46,IF($C9="Madera Eucalipto",Factores!$F$47,IF($C9="Madera Pino",Factores!$F$48,IF($C9="Madera Acacia",Factores!$F$49,IF($C9="Madera Melina",Factores!$F$50,IF($C9="Residuos de llantas",Factores!$F$51,"0"))))))))))))))))))))))))) -> 0 | I9: =IF($C9="Carbón Genérico",Factores!$G$27,IF($C9="Carbón Guajira - Cesar",Factores!$G$28,IF($C9="Carbón Guajira",Factores!$G$29,IF($C9="Carbón Cundinamarca",Factores!$G$30,IF($C9="Carbón Cauca - Valle del Cauca",Factores!$G$31,IF($C9="Carbón Norte de Santander",Factores!$G$32,IF($C9="Carbón Córdoba-Norte de Antioquia",Factores!$G$33,IF($C9="Carbón Santander",Factores!$G$34,IF($C9="Carbón Santander Sogamoso",Factores!$G$35,IF($C9="Carbón Boyacá",Factores!$G$36,IF($C9="Carbón Antioquia",Factores!$G$37,IF($C9="Bagazo",Factores!$G$38,IF($C9="Fibra de palma",Factores!$G$39,IF($C9="Cuesco de palma",Factores!$G$40,IF($C9="Raquis de palma",Factores!$G$41,IF($C9="Cascarilla de Arroz",Factores!$G$42,IF($C9="Borra de Café",Factores!$G$43,IF($C9="Cisco de Café",Factores!$G$44,IF($C9="Leña",Factores!$G$45,IF($C9="Madera Genérico",Factores!$G$46,IF($C9="Madera Eucalipto",Factores!$G$47,IF($C9="Madera Pino",Factores!$G$48,IF($C9="Madera Acacia",Factores!$G$49,IF($C9="Madera Melina",Factores!$G$50,IF($C9="Residuos de llantas",Factores!$G$51,"0"))))))))))))))))))))))))) -> 0 | J9: =IF($C9="Carbón Genérico",Factores!$H$27,IF($C9="Carbón Guajira - Cesar",Factores!$H$28,IF($C9="Carbón Guajira",Factores!$H$29,IF($C9="Carbón Cundinamarca",Factores!$H$30,IF($C9="Carbón Cauca - Valle del Cauca",Factores!$H$31,IF($C9="Carbón Norte de Santander",Factores!$H$32,IF($C9="Carbón Córdoba-Norte de Antioquia",Factores!$H$33,IF($C9="Carbón Santander",Factores!$H$34,IF($C9="Carbón Santander Sogamoso",Factores!$H$35,IF($C9="Carbón Boyacá",Factores!$H$36,IF($C9="Carbón Antioquia",Factores!$H$37,IF($C9="Bagazo",Factores!$H$38,IF($C9="Fibra de palma",Factores!$H$39,IF($C9="Cuesco de palma",Factores!$H$40,IF($C9="Raquis de palma",Factores!$H$41,IF($C9="Cascarilla de Arroz",Factores!$H$42,IF($C9="Borra de Café",Factores!$H$43,IF($C9="Cisco de Café",Factores!$H$44,IF($C9="Leña",Factores!$H$45,IF($C9="Madera Genérico",Factores!$H$46,IF($C9="Madera Eucalipto",Factores!$H$47,IF($C9="Madera Pino",Factores!$H$48,IF($C9="Madera Acacia",Factores!$H$49,IF($C9="Madera Melina",Factores!$H$50,IF($C9="Residuos de llantas",Factores!$H$51,"0"))))))))))))))))))))))))) -> 0 | K9: =$F9*$G9 -> 0 | L9: =$F9*$H9 -> 0 | M9: =$F9*$I9 -> 0 | N9: =$F9*$J9 -> 0
B10: 7 | E10: =IF($C10="Carbón Genérico",Factores!$D$27,IF($C10="Carbón Guajira - Cesar",Factores!$D$28,IF($C10="Carbón Guajira",Factores!$D$29,IF($C10="Carbón Cundinamarca",Factores!$D$30,IF($C10="Carbón Cauca - Valle del Cauca",Factores!$D$31,IF($C10="Carbón Norte de Santander",Factores!$D$32,IF($C10="Carbón Córdoba-Norte de Antioquia",Factores!$D$33,IF($C10="Carbón Santander",Factores!$D$34,IF($C10="Carbón Santander Sogamoso",Factores!$D$35,IF($C10="Carbón Boyacá",Factores!$D$36,IF($C10="Carbón Antioquia",Factores!$D$37,IF($C10="Bagazo",Factores!$D$38,IF($C10="Fibra de palma",Factores!$D$39,IF($C10="Cuesco de palma",Factores!$D$40,IF($C10="Raquis de palma",Factores!$D$41,IF($C10="Cascarilla de Arroz",Factores!$D$42,IF($C10="Borra de Café",Factores!$D$43,IF($C10="Cisco de Café",Factores!$D$44,IF($C10="Leña",Factores!$D$45,IF($C10="Madera Genérico",Factores!$D$46,IF($C10="Madera Eucalipto",Factores!$D$47,IF($C10="Madera Pino",Factores!$D$48,IF($C10="Madera Acacia",Factores!$D$49,IF($C10="Madera Melina",Factores!$D$50,IF($C10="Residuos de llantas",Factores!$D$51,"0"))))))))))))))))))))))))) -> 0 | F10: =(D10*E10)/1000000 -> 0 | G10: =IF($C10="Carbón Genérico",Factores!$E$27,IF($C10="Carbón Guajira - Cesar",Factores!$E$28,IF($C10="Carbón Guajira",Factores!$E$29,IF($C10="Carbón Cundinamarca",Factores!$E$30,IF($C10="Carbón Cauca - Valle del Cauca",Factores!$E$31,IF($C10="Carbón Norte de Santander",Factores!$E$32,IF($C10="Carbón Córdoba-Norte de Antioquia",Factores!$E$33,IF($C10="Carbón Santander",Factores!$E$34,IF($C10="Carbón Santander Sogamoso",Factores!$E$35,IF($C10="Carbón Boyacá",Factores!$E$36,IF($C10="Carbón Antioquia",Factores!$E$37,IF($C10="Bagazo",Factores!$E$38,IF($C10="Fibra de palma",Factores!$E$39,IF($C10="Cuesco de palma",Factores!$E$40,IF($C10="Raquis de palma",Factores!$E$41,IF($C10="Cascarilla de Arroz",Factores!$E$42,IF($C10="Borra de Café",Factores!$E$43,IF($C10="Cisco de Café",Factores!$E$44,IF($C10="Leña",Factores!$E$45,IF($C10="Madera Genérico",Factores!$E$46,IF($C10="Madera Eucalipto",Factores!$E$47,IF($C10="Madera Pino",Factores!$E$48,IF($C10="Madera Acacia",Factores!$E$49,IF($C10="Madera Melina",Factores!$E$50,IF($C10="Residuos de llantas",Factores!$E$51,"0"))))))))))))))))))))))))) -> 0 | H10: =IF($C10="Carbón Genérico",Factores!$F$27,IF($C10="Carbón Guajira - Cesar",Factores!$F$28,IF($C10="Carbón Guajira",Factores!$F$29,IF($C10="Carbón Cundinamarca",Factores!$F$30,IF($C10="Carbón Cauca - Valle del Cauca",Factores!$F$31,IF($C10="Carbón Norte de Santander",Factores!$F$32,IF($C10="Carbón Córdoba-Norte de Antioquia",Factores!$F$33,IF($C10="Carbón Santander",Factores!$F$34,IF($C10="Carbón Santander Sogamoso",Factores!$F$35,IF($C10="Carbón Boyacá",Factores!$F$36,IF($C10="Carbón Antioquia",Factores!$F$37,IF($C10="Bagazo",Factores!$F$38,IF($C10="Fibra de palma",Factores!$F$39,IF($C10="Cuesco de palma",Factores!$F$40,IF($C10="Raquis de palma",Factores!$F$41,IF($C10="Cascarilla de Arroz",Factores!$F$42,IF($C10="Borra de Café",Factores!$F$43,IF($C10="Cisco de Café",Factores!$F$44,IF($C10="Leña",Factores!$F$45,IF($C10="Madera Genérico",Factores!$F$46,IF($C10="Madera Eucalipto",Factores!$F$47,IF($C10="Madera Pino",Factores!$F$48,IF($C10="Madera Acacia",Factores!$F$49,IF($C10="Madera Melina",Factores!$F$50,IF($C10="Residuos de llantas",Factores!$F$51,"0"))))))))))))))))))))))))) -> 0 | I10: =IF($C10="Carbón Genérico",Factores!$G$27,IF($C10="Carbón Guajira - Cesar",Factores!$G$28,IF($C10="Carbón Guajira",Factores!$G$29,IF($C10="Carbón Cundinamarca",Factores!$G$30,IF($C10="Carbón Cauca - Valle del Cauca",Factores!$G$31,IF($C10="Carbón Norte de Santander",Factores!$G$32,IF($C10="Carbón Córdoba-Norte de Antioquia",Factores!$G$33,IF($C10="Carbón Santander",Factores!$G$34,IF($C10="Carbón Santander Sogamoso",Factores!$G$35,IF($C10="Carbón Boyacá",Factores!$G$36,IF($C10="Carbón Antioquia",Factores!$G$37,IF($C10="Bagazo",Factores!$G$38,IF($C10="Fibra de palma",Factores!$G$39,IF($C10="Cuesco de palma",Factores!$G$40,IF($C10="Raquis de palma",Factores!$G$41,IF($C10="Cascarilla de Arroz",Factores!$G$42,IF($C10="Borra de Café",Factores!$G$43,IF($C10="Cisco de Café",Factores!$G$44,IF($C10="Leña",Factores!$G$45,IF($C10="Madera Genérico",Factores!$G$46,IF($C10="Madera Eucalipto",Factores!$G$47,IF($C10="Madera Pino",Factores!$G$48,IF($C10="Madera Acacia",Factores!$G$49,IF($C10="Madera Melina",Factores!$G$50,IF($C10="Residuos de llantas",Factores!$G$51,"0"))))))))))))))))))))))))) -> 0 | J10: =IF($C10="Carbón Genérico",Factores!$H$27,IF($C10="Carbón Guajira - Cesar",Factores!$H$28,IF($C10="Carbón Guajira",Factores!$H$29,IF($C10="Carbón Cundinamarca",Factores!$H$30,IF($C10="Carbón Cauca - Valle del Cauca",Factores!$H$31,IF($C10="Carbón Norte de Santander",Factores!$H$32,IF($C10="Carbón Córdoba-Norte de Antioquia",Factores!$H$33,IF($C10="Carbón Santander",Factores!$H$34,IF($C10="Carbón Santander Sogamoso",Factores!$H$35,IF($C10="Carbón Boyacá",Factores!$H$36,IF($C10="Carbón Antioquia",Factores!$H$37,IF($C10="Bagazo",Factores!$H$38,IF($C10="Fibra de palma",Factores!$H$39,IF($C10="Cuesco de palma",Factores!$H$40,IF($C10="Raquis de palma",Factores!$H$41,IF($C10="Cascarilla de Arroz",Factores!$H$42,IF($C10="Borra de Café",Factores!$H$43,IF($C10="Cisco de Café",Factores!$H$44,IF($C10="Leña",Factores!$H$45,IF($C10="Madera Genérico",Factores!$H$46,IF($C10="Madera Eucalipto",Factores!$H$47,IF($C10="Madera Pino",Factores!$H$48,IF($C10="Madera Acacia",Factores!$H$49,IF($C10="Madera Melina",Factores!$H$50,IF($C10="Residuos de llantas",Factores!$H$51,"0"))))))))))))))))))))))))) -> 0 | K10: =$F10*$G10 -> 0 | L10: =$F10*$H10 -> 0 | M10: =$F10*$I10 -> 0 | N10: =$F10*$J10 -> 0
B11: 8 | E11: =IF($C11="Carbón Genérico",Factores!$D$27,IF($C11="Carbón Guajira - Cesar",Factores!$D$28,IF($C11="Carbón Guajira",Factores!$D$29,IF($C11="Carbón Cundinamarca",Factores!$D$30,IF($C11="Carbón Cauca - Valle del Cauca",Factores!$D$31,IF($C11="Carbón Norte de Santander",Factores!$D$32,IF($C11="Carbón Córdoba-Norte de Antioquia",Factores!$D$33,IF($C11="Carbón Santander",Factores!$D$34,IF($C11="Carbón Santander Sogamoso",Factores!$D$35,IF($C11="Carbón Boyacá",Factores!$D$36,IF($C11="Carbón Antioquia",Factores!$D$37,IF($C11="Bagazo",Factores!$D$38,IF($C11="Fibra de palma",Factores!$D$39,IF($C11="Cuesco de palma",Factores!$D$40,IF($C11="Raquis de palma",Factores!$D$41,IF($C11="Cascarilla de Arroz",Factores!$D$42,IF($C11="Borra de Café",Factores!$D$43,IF($C11="Cisco de Café",Factores!$D$44,IF($C11="Leña",Factores!$D$45,IF($C11="Madera Genérico",Factores!$D$46,IF($C11="Madera Eucalipto",Factores!$D$47,IF($C11="Madera Pino",Factores!$D$48,IF($C11="Madera Acacia",Factores!$D$49,IF($C11="Madera Melina",Factores!$D$50,IF($C11="Residuos de llantas",Factores!$D$51,"0"))))))))))))))))))))))))) -> 0 | F11: =(D11*E11)/1000000 -> 0 | G11: =IF($C11="Carbón Genérico",Factores!$E$27,IF($C11="Carbón Guajira - Cesar",Factores!$E$28,IF($C11="Carbón Guajira",Factores!$E$29,IF($C11="Carbón Cundinamarca",Factores!$E$30,IF($C11="Carbón Cauca - Valle del Cauca",Factores!$E$31,IF($C11="Carbón Norte de Santander",Factores!$E$32,IF($C11="Carbón Córdoba-Norte de Antioquia",Factores!$E$33,IF($C11="Carbón Santander",Factores!$E$34,IF($C11="Carbón Santander Sogamoso",Factores!$E$35,IF($C11="Carbón Boyacá",Factores!$E$36,IF($C11="Carbón Antioquia",Factores!$E$37,IF($C11="Bagazo",Factores!$E$38,IF($C11="Fibra de palma",Factores!$E$39,IF($C11="Cuesco de palma",Factores!$E$40,IF($C11="Raquis de palma",Factores!$E$41,IF($C11="Cascarilla de Arroz",Factores!$E$42,IF($C11="Borra de Café",Factores!$E$43,IF($C11="Cisco de Café",Factores!$E$44,IF($C11="Leña",Factores!$E$45,IF($C11="Madera Genérico",Factores!$E$46,IF($C11="Madera Eucalipto",Factores!$E$47,IF($C11="Madera Pino",Factores!$E$48,IF($C11="Madera Acacia",Factores!$E$49,IF($C11="Madera Melina",Factores!$E$50,IF($C11="Residuos de llantas",Factores!$E$51,"0"))))))))))))))))))))))))) -> 0 | H11: =IF($C11="Carbón Genérico",Factores!$F$27,IF($C11="Carbón Guajira - Cesar",Factores!$F$28,IF($C11="Carbón Guajira",Factores!$F$29,IF($C11="Carbón Cundinamarca",Factores!$F$30,IF($C11="Carbón Cauca - Valle del Cauca",Factores!$F$31,IF($C11="Carbón Norte de Santander",Factores!$F$32,IF($C11="Carbón Córdoba-Norte de Antioquia",Factores!$F$33,IF($C11="Carbón Santander",Factores!$F$34,IF($C11="Carbón Santander Sogamoso",Factores!$F$35,IF($C11="Carbón Boyacá",Factores!$F$36,IF($C11="Carbón Antioquia",Factores!$F$37,IF($C11="Bagazo",Factores!$F$38,IF($C11="Fibra de palma",Factores!$F$39,IF($C11="Cuesco de palma",Factores!$F$40,IF($C11="Raquis de palma",Factores!$F$41,IF($C11="Cascarilla de Arroz",Factores!$F$42,IF($C11="Borra de Café",Factores!$F$43,IF($C11="Cisco de Café",Factores!$F$44,IF($C11="Leña",Factores!$F$45,IF($C11="Madera Genérico",Factores!$F$46,IF($C11="Madera Eucalipto",Factores!$F$47,IF($C11="Madera Pino",Factores!$F$48,IF($C11="Madera Acacia",Factores!$F$49,IF($C11="Madera Melina",Factores!$F$50,IF($C11="Residuos de llantas",Factores!$F$51,"0"))))))))))))))))))))))))) -> 0 | I11: =IF($C11="Carbón Genérico",Factores!$G$27,IF($C11="Carbón Guajira - Cesar",Factores!$G$28,IF($C11="Carbón Guajira",Factores!$G$29,IF($C11="Carbón Cundinamarca",Factores!$G$30,IF($C11="Carbón Cauca - Valle del Cauca",Factores!$G$31,IF($C11="Carbón Norte de Santander",Factores!$G$32,IF($C11="Carbón Córdoba-Norte de Antioquia",Factores!$G$33,IF($C11="Carbón Santander",Factores!$G$34,IF($C11="Carbón Santander Sogamoso",Factores!$G$35,IF($C11="Carbón Boyacá",Factores!$G$36,IF($C11="Carbón Antioquia",Factores!$G$37,IF($C11="Bagazo",Factores!$G$38,IF($C11="Fibra de palma",Factores!$G$39,IF($C11="Cuesco de palma",Factores!$G$40,IF($C11="Raquis de palma",Factores!$G$41,IF($C11="Cascarilla de Arroz",Factores!$G$42,IF($C11="Borra de Café",Factores!$G$43,IF($C11="Cisco de Café",Factores!$G$44,IF($C11="Leña",Factores!$G$45,IF($C11="Madera Genérico",Factores!$G$46,IF($C11="Madera Eucalipto",Factores!$G$47,IF($C11="Madera Pino",Factores!$G$48,IF($C11="Madera Acacia",Factores!$G$49,IF($C11="Madera Melina",Factores!$G$50,IF($C11="Residuos de llantas",Factores!$G$51,"0"))))))))))))))))))))))))) -> 0 | J11: =IF($C11="Carbón Genérico",Factores!$H$27,IF($C11="Carbón Guajira - Cesar",Factores!$H$28,IF($C11="Carbón Guajira",Factores!$H$29,IF($C11="Carbón Cundinamarca",Factores!$H$30,IF($C11="Carbón Cauca - Valle del Cauca",Factores!$H$31,IF($C11="Carbón Norte de Santander",Factores!$H$32,IF($C11="Carbón Córdoba-Norte de Antioquia",Factores!$H$33,IF($C11="Carbón Santander",Factores!$H$34,IF($C11="Carbón Santander Sogamoso",Factores!$H$35,IF($C11="Carbón Boyacá",Factores!$H$36,IF($C11="Carbón Antioquia",Factores!$H$37,IF($C11="Bagazo",Factores!$H$38,IF($C11="Fibra de palma",Factores!$H$39,IF($C11="Cuesco de palma",Factores!$H$40,IF($C11="Raquis de palma",Factores!$H$41,IF($C11="Cascarilla de Arroz",Factores!$H$42,IF($C11="Borra de Café",Factores!$H$43,IF($C11="Cisco de Café",Factores!$H$44,IF($C11="Leña",Factores!$H$45,IF($C11="Madera Genérico",Factores!$H$46,IF($C11="Madera Eucalipto",Factores!$H$47,IF($C11="Madera Pino",Factores!$H$48,IF($C11="Madera Acacia",Factores!$H$49,IF($C11="Madera Melina",Factores!$H$50,IF($C11="Residuos de llantas",Factores!$H$51,"0"))))))))))))))))))))))))) -> 0 | K11: =$F11*$G11 -> 0 | L11: =$F11*$H11 -> 0 | M11: =$F11*$I11 -> 0 | N11: =$F11*$J11 -> 0
B12: 9 | E12: =IF($C12="Carbón Genérico",Factores!$D$27,IF($C12="Carbón Guajira - Cesar",Factores!$D$28,IF($C12="Carbón Guajira",Factores!$D$29,IF($C12="Carbón Cundinamarca",Factores!$D$30,IF($C12="Carbón Cauca - Valle del Cauca",Factores!$D$31,IF($C12="Carbón Norte de Santander",Factores!$D$32,IF($C12="Carbón Córdoba-Norte de Antioquia",Factores!$D$33,IF($C12="Carbón Santander",Factores!$D$34,IF($C12="Carbón Santander Sogamoso",Factores!$D$35,IF($C12="Carbón Boyacá",Factores!$D$36,IF($C12="Carbón Antioquia",Factores!$D$37,IF($C12="Bagazo",Factores!$D$38,IF($C12="Fibra de palma",Factores!$D$39,IF($C12="Cuesco de palma",Factores!$D$40,IF($C12="Raquis de palma",Factores!$D$41,IF($C12="Cascarilla de Arroz",Factores!$D$42,IF($C12="Borra de Café",Factores!$D$43,IF($C12="Cisco de Café",Factores!$D$44,IF($C12="Leña",Factores!$D$45,IF($C12="Madera Genérico",Factores!$D$46,IF($C12="Madera Eucalipto",Factores!$D$47,IF($C12="Madera Pino",Factores!$D$48,IF($C12="Madera Acacia",Factores!$D$49,IF($C12="Madera Melina",Factores!$D$50,IF($C12="Residuos de llantas",Factores!$D$51,"0"))))))))))))))))))))))))) -> 0 | F12: =(D12*E12)/1000000 -> 0 | G12: =IF($C12="Carbón Genérico",Factores!$E$27,IF($C12="Carbón Guajira - Cesar",Factores!$E$28,IF($C12="Carbón Guajira",Factores!$E$29,IF($C12="Carbón Cundinamarca",Factores!$E$30,IF($C12="Carbón Cauca - Valle del Cauca",Factores!$E$31,IF($C12="Carbón Norte de Santander",Factores!$E$32,IF($C12="Carbón Córdoba-Norte de Antioquia",Factores!$E$33,IF($C12="Carbón Santander",Factores!$E$34,IF($C12="Carbón Santander Sogamoso",Factores!$E$35,IF($C12="Carbón Boyacá",Factores!$E$36,IF($C12="Carbón Antioquia",Factores!$E$37,IF($C12="Bagazo",Factores!$E$38,IF($C12="Fibra de palma",Factores!$E$39,IF($C12="Cuesco de palma",Factores!$E$40,IF($C12="Raquis de palma",Factores!$E$41,IF($C12="Cascarilla de Arroz",Factores!$E$42,IF($C12="Borra de Café",Factores!$E$43,IF($C12="Cisco de Café",Factores!$E$44,IF($C12="Leña",Factores!$E$45,IF($C12="Madera Genérico",Factores!$E$46,IF($C12="Madera Eucalipto",Factores!$E$47,IF($C12="Madera Pino",Factores!$E$48,IF($C12="Madera Acacia",Factores!$E$49,IF($C12="Madera Melina",Factores!$E$50,IF($C12="Residuos de llantas",Factores!$E$51,"0"))))))))))))))))))))))))) -> 0 | H12: =IF($C12="Carbón Genérico",Factores!$F$27,IF($C12="Carbón Guajira - Cesar",Factores!$F$28,IF($C12="Carbón Guajira",Factores!$F$29,IF($C12="Carbón Cundinamarca",Factores!$F$30,IF($C12="Carbón Cauca - Valle del Cauca",Factores!$F$31,IF($C12="Carbón Norte de Santander",Factores!$F$32,IF($C12="Carbón Córdoba-Norte de Antioquia",Factores!$F$33,IF($C12="Carbón Santander",Factores!$F$34,IF($C12="Carbón Santander Sogamoso",Factores!$F$35,IF($C12="Carbón Boyacá",Factores!$F$36,IF($C12="Carbón Antioquia",Factores!$F$37,IF($C12="Bagazo",Factores!$F$38,IF($C12="Fibra de palma",Factores!$F$39,IF($C12="Cuesco de palma",Factores!$F$40,IF($C12="Raquis de palma",Factores!$F$41,IF($C12="Cascarilla de Arroz",Factores!$F$42,IF($C12="Borra de Café",Factores!$F$43,IF($C12="Cisco de Café",Factores!$F$44,IF($C12="Leña",Factores!$F$45,IF($C12="Madera Genérico",Factores!$F$46,IF($C12="Madera Eucalipto",Factores!$F$47,IF($C12="Madera Pino",Factores!$F$48,IF($C12="Madera Acacia",Factores!$F$49,IF($C12="Madera Melina",Factores!$F$50,IF($C12="Residuos de llantas",Factores!$F$51,"0"))))))))))))))))))))))))) -> 0 | I12: =IF($C12="Carbón Genérico",Factores!$G$27,IF($C12="Carbón Guajira - Cesar",Factores!$G$28,IF($C12="Carbón Guajira",Factores!$G$29,IF($C12="Carbón Cundinamarca",Factores!$G$30,IF($C12="Carbón Cauca - Valle del Cauca",Factores!$G$31,IF($C12="Carbón Norte de Santander",Factores!$G$32,IF($C12="Carbón Córdoba-Norte de Antioquia",Factores!$G$33,IF($C12="Carbón Santander",Factores!$G$34,IF($C12="Carbón Santander Sogamoso",Factores!$G$35,IF($C12="Carbón Boyacá",Factores!$G$36,IF($C12="Carbón Antioquia",Factores!$G$37,IF($C12="Bagazo",Factores!$G$38,IF($C12="Fibra de palma",Factores!$G$39,IF($C12="Cuesco de palma",Factores!$G$40,IF($C12="Raquis de palma",Factores!$G$41,IF($C12="Cascarilla de Arroz",Factores!$G$42,IF($C12="Borra de Café",Factores!$G$43,IF($C12="Cisco de Café",Factores!$G$44,IF($C12="Leña",Factores!$G$45,IF($C12="Madera Genérico",Factores!$G$46,IF($C12="Madera Eucalipto",Factores!$G$47,IF($C12="Madera Pino",Factores!$G$48,IF($C12="Madera Acacia",Factores!$G$49,IF($C12="Madera Melina",Factores!$G$50,IF($C12="Residuos de llantas",Factores!$G$51,"0"))))))))))))))))))))))))) -> 0 | J12: =IF($C12="Carbón Genérico",Factores!$H$27,IF($C12="Carbón Guajira - Cesar",Factores!$H$28,IF($C12="Carbón Guajira",Factores!$H$29,IF($C12="Carbón Cundinamarca",Factores!$H$30,IF($C12="Carbón Cauca - Valle del Cauca",Factores!$H$31,IF($C12="Carbón Norte de Santander",Factores!$H$32,IF($C12="Carbón Córdoba-Norte de Antioquia",Factores!$H$33,IF($C12="Carbón Santander",Factores!$H$34,IF($C12="Carbón Santander Sogamoso",Factores!$H$35,IF($C12="Carbón Boyacá",Factores!$H$36,IF($C12="Carbón Antioquia",Factores!$H$37,IF($C12="Bagazo",Factores!$H$38,IF($C12="Fibra de palma",Factores!$H$39,IF($C12="Cuesco de palma",Factores!$H$40,IF($C12="Raquis de palma",Factores!$H$41,IF($C12="Cascarilla de Arroz",Factores!$H$42,IF($C12="Borra de Café",Factores!$H$43,IF($C12="Cisco de Café",Factores!$H$44,IF($C12="Leña",Factores!$H$45,IF($C12="Madera Genérico",Factores!$H$46,IF($C12="Madera Eucalipto",Factores!$H$47,IF($C12="Madera Pino",Factores!$H$48,IF($C12="Madera Acacia",Factores!$H$49,IF($C12="Madera Melina",Factores!$H$50,IF($C12="Residuos de llantas",Factores!$H$51,"0"))))))))))))))))))))))))) -> 0 | K12: =$F12*$G12 -> 0 | L12: =$F12*$H12 -> 0 | M12: =$F12*$I12 -> 0 | N12: =$F12*$J12 -> 0
B13: 10 | E13: =IF($C13="Carbón Genérico",Factores!$D$27,IF($C13="Carbón Guajira - Cesar",Factores!$D$28,IF($C13="Carbón Guajira",Factores!$D$29,IF($C13="Carbón Cundinamarca",Factores!$D$30,IF($C13="Carbón Cauca - Valle del Cauca",Factores!$D$31,IF($C13="Carbón Norte de Santander",Factores!$D$32,IF($C13="Carbón Córdoba-Norte de Antioquia",Factores!$D$33,IF($C13="Carbón Santander",Factores!$D$34,IF($C13="Carbón Santander Sogamoso",Factores!$D$35,IF($C13="Carbón Boyacá",Factores!$D$36,IF($C13="Carbón Antioquia",Factores!$D$37,IF($C13="Bagazo",Factores!$D$38,IF($C13="Fibra de palma",Factores!$D$39,IF($C13="Cuesco de palma",Factores!$D$40,IF($C13="Raquis de palma",Factores!$D$41,IF($C13="Cascarilla de Arroz",Factores!$D$42,IF($C13="Borra de Café",Factores!$D$43,IF($C13="Cisco de Café",Factores!$D$44,IF($C13="Leña",Factores!$D$45,IF($C13="Madera Genérico",Factores!$D$46,IF($C13="Madera Eucalipto",Factores!$D$47,IF($C13="Madera Pino",Factores!$D$48,IF($C13="Madera Acacia",Factores!$D$49,IF($C13="Madera Melina",Factores!$D$50,IF($C13="Residuos de llantas",Factores!$D$51,"0"))))))))))))))))))))))))) -> 0 | F13: =(D13*E13)/1000000 -> 0 | G13: =IF($C13="Carbón Genérico",Factores!$E$27,IF($C13="Carbón Guajira - Cesar",Factores!$E$28,IF($C13="Carbón Guajira",Factores!$E$29,IF($C13="Carbón Cundinamarca",Factores!$E$30,IF($C13="Carbón Cauca - Valle del Cauca",Factores!$E$31,IF($C13="Carbón Norte de Santander",Factores!$E$32,IF($C13="Carbón Córdoba-Norte de Antioquia",Factores!$E$33,IF($C13="Carbón Santander",Factores!$E$34,IF($C13="Carbón Santander Sogamoso",Factores!$E$35,IF($C13="Carbón Boyacá",Factores!$E$36,IF($C13="Carbón Antioquia",Factores!$E$37,IF($C13="Bagazo",Factores!$E$38,IF($C13="Fibra de palma",Factores!$E$39,IF($C13="Cuesco de palma",Factores!$E$40,IF($C13="Raquis de palma",Factores!$E$41,IF($C13="Cascarilla de Arroz",Factores!$E$42,IF($C13="Borra de Café",Factores!$E$43,IF($C13="Cisco de Café",Factores!$E$44,IF($C13="Leña",Factores!$E$45,IF($C13="Madera Genérico",Factores!$E$46,IF($C13="Madera Eucalipto",Factores!$E$47,IF($C13="Madera Pino",Factores!$E$48,IF($C13="Madera Acacia",Factores!$E$49,IF($C13="Madera Melina",Factores!$E$50,IF($C13="Residuos de llantas",Factores!$E$51,"0"))))))))))))))))))))))))) -> 0 | H13: =IF($C13="Carbón Genérico",Factores!$F$27,IF($C13="Carbón Guajira - Cesar",Factores!$F$28,IF($C13="Carbón Guajira",Factores!$F$29,IF($C13="Carbón Cundinamarca",Factores!$F$30,IF($C13="Carbón Cauca - Valle del Cauca",Factores!$F$31,IF($C13="Carbón Norte de Santander",Factores!$F$32,IF($C13="Carbón Córdoba-Norte de Antioquia",Factores!$F$33,IF($C13="Carbón Santander",Factores!$F$34,IF($C13="Carbón Santander Sogamoso",Factores!$F$35,IF($C13="Carbón Boyacá",Factores!$F$36,IF($C13="Carbón Antioquia",Factores!$F$37,IF($C13="Bagazo",Factores!$F$38,IF($C13="Fibra de palma",Factores!$F$39,IF($C13="Cuesco de palma",Factores!$F$40,IF($C13="Raquis de palma",Factores!$F$41,IF($C13="Cascarilla de Arroz",Factores!$F$42,IF($C13="Borra de Café",Factores!$F$43,IF($C13="Cisco de Café",Factores!$F$44,IF($C13="Leña",Factores!$F$45,IF($C13="Madera Genérico",Factores!$F$46,IF($C13="Madera Eucalipto",Factores!$F$47,IF($C13="Madera Pino",Factores!$F$48,IF($C13="Madera Acacia",Factores!$F$49,IF($C13="Madera Melina",Factores!$F$50,IF($C13="Residuos de llantas",Factores!$F$51,"0"))))))))))))))))))))))))) -> 0 | I13: =IF($C13="Carbón Genérico",Factores!$G$27,IF($C13="Carbón Guajira - Cesar",Factores!$G$28,IF($C13="Carbón Guajira",Factores!$G$29,IF($C13="Carbón Cundinamarca",Factores!$G$30,IF($C13="Carbón Cauca - Valle del Cauca",Factores!$G$31,IF($C13="Carbón Norte de Santander",Factores!$G$32,IF($C13="Carbón Córdoba-Norte de Antioquia",Factores!$G$33,IF($C13="Carbón Santander",Factores!$G$34,IF($C13="Carbón Santander Sogamoso",Factores!$G$35,IF($C13="Carbón Boyacá",Factores!$G$36,IF($C13="Carbón Antioquia",Factores!$G$37,IF($C13="Bagazo",Factores!$G$38,IF($C13="Fibra de palma",Factores!$G$39,IF($C13="Cuesco de palma",Factores!$G$40,IF($C13="Raquis de palma",Factores!$G$41,IF($C13="Cascarilla de Arroz",Factores!$G$42,IF($C13="Borra de Café",Factores!$G$43,IF($C13="Cisco de Café",Factores!$G$44,IF($C13="Leña",Factores!$G$45,IF($C13="Madera Genérico",Factores!$G$46,IF($C13="Madera Eucalipto",Factores!$G$47,IF($C13="Madera Pino",Factores!$G$48,IF($C13="Madera Acacia",Factores!$G$49,IF($C13="Madera Melina",Factores!$G$50,IF($C13="Residuos de llantas",Factores!$G$51,"0"))))))))))))))))))))))))) -> 0 | J13: =IF($C13="Carbón Genérico",Factores!$H$27,IF($C13="Carbón Guajira - Cesar",Factores!$H$28,IF($C13="Carbón Guajira",Factores!$H$29,IF($C13="Carbón Cundinamarca",Factores!$H$30,IF($C13="Carbón Cauca - Valle del Cauca",Factores!$H$31,IF($C13="Carbón Norte de Santander",Factores!$H$32,IF($C13="Carbón Córdoba-Norte de Antioquia",Factores!$H$33,IF($C13="Carbón Santander",Factores!$H$34,IF($C13="Carbón Santander Sogamoso",Factores!$H$35,IF($C13="Carbón Boyacá",Factores!$H$36,IF($C13="Carbón Antioquia",Factores!$H$37,IF($C13="Bagazo",Factores!$H$38,IF($C13="Fibra de palma",Factores!$H$39,IF($C13="Cuesco de palma",Factores!$H$40,IF($C13="Raquis de palma",Factores!$H$41,IF($C13="Cascarilla de Arroz",Factores!$H$42,IF($C13="Borra de Café",Factores!$H$43,IF($C13="Cisco de Café",Factores!$H$44,IF($C13="Leña",Factores!$H$45,IF($C13="Madera Genérico",Factores!$H$46,IF($C13="Madera Eucalipto",Factores!$H$47,IF($C13="Madera Pino",Factores!$H$48,IF($C13="Madera Acacia",Factores!$H$49,IF($C13="Madera Melina",Factores!$H$50,IF($C13="Residuos de llantas",Factores!$H$51,"0"))))))))))))))))))))))))) -> 0 | K13: =$F13*$G13 -> 0 | L13: =$F13*$H13 -> 0 | M13: =$F13*$I13 -> 0 | N13: =$F13*$J13 -> 0
B14: 11 | E14: =IF($C14="Carbón Genérico",Factores!$D$27,IF($C14="Carbón Guajira - Cesar",Factores!$D$28,IF($C14="Carbón Guajira",Factores!$D$29,IF($C14="Carbón Cundinamarca",Factores!$D$30,IF($C14="Carbón Cauca - Valle del Cauca",Factores!$D$31,IF($C14="Carbón Norte de Santander",Factores!$D$32,IF($C14="Carbón Córdoba-Norte de Antioquia",Factores!$D$33,IF($C14="Carbón Santander",Factores!$D$34,IF($C14="Carbón Santander Sogamoso",Factores!$D$35,IF($C14="Carbón Boyacá",Factores!$D$36,IF($C14="Carbón Antioquia",Factores!$D$37,IF($C14="Bagazo",Factores!$D$38,IF($C14="Fibra de palma",Factores!$D$39,IF($C14="Cuesco de palma",Factores!$D$40,IF($C14="Raquis de palma",Factores!$D$41,IF($C14="Cascarilla de Arroz",Factores!$D$42,IF($C14="Borra de Café",Factores!$D$43,IF($C14="Cisco de Café",Factores!$D$44,IF($C14="Leña",Factores!$D$45,IF($C14="Madera Genérico",Factores!$D$46,IF($C14="Madera Eucalipto",Factores!$D$47,IF($C14="Madera Pino",Factores!$D$48,IF($C14="Madera Acacia",Factores!$D$49,IF($C14="Madera Melina",Factores!$D$50,IF($C14="Residuos de llantas",Factores!$D$51,"0"))))))))))))))))))))))))) -> 0 | F14: =(D14*E14)/1000000 -> 0 | G14: =IF($C14="Carbón Genérico",Factores!$E$27,IF($C14="Carbón Guajira - Cesar",Factores!$E$28,IF($C14="Carbón Guajira",Factores!$E$29,IF($C14="Carbón Cundinamarca",Factores!$E$30,IF($C14="Carbón Cauca - Valle del Cauca",Factores!$E$31,IF($C14="Carbón Norte de Santander",Factores!$E$32,IF($C14="Carbón Córdoba-Norte de Antioquia",Factores!$E$33,IF($C14="Carbón Santander",Factores!$E$34,IF($C14="Carbón Santander Sogamoso",Factores!$E$35,IF($C14="Carbón Boyacá",Factores!$E$36,IF($C14="Carbón Antioquia",Factores!$E$37,IF($C14="Bagazo",Factores!$E$38,IF($C14="Fibra de palma",Factores!$E$39,IF($C14="Cuesco de palma",Factores!$E$40,IF($C14="Raquis de palma",Factores!$E$41,IF($C14="Cascarilla de Arroz",Factores!$E$42,IF($C14="Borra de Café",Factores!$E$43,IF($C14="Cisco de Café",Factores!$E$44,IF($C14="Leña",Factores!$E$45,IF($C14="Madera Genérico",Factores!$E$46,IF($C14="Madera Eucalipto",Factores!$E$47,IF($C14="Madera Pino",Factores!$E$48,IF($C14="Madera Acacia",Factores!$E$49,IF($C14="Madera Melina",Factores!$E$50,IF($C14="Residuos de llantas",Factores!$E$51,"0"))))))))))))))))))))))))) -> 0 | H14: =IF($C14="Carbón Genérico",Factores!$F$27,IF($C14="Carbón Guajira - Cesar",Factores!$F$28,IF($C14="Carbón Guajira",Factores!$F$29,IF($C14="Carbón Cundinamarca",Factores!$F$30,IF($C14="Carbón Cauca - Valle del Cauca",Factores!$F$31,IF($C14="Carbón Norte de Santander",Factores!$F$32,IF($C14="Carbón Córdoba-Norte de Antioquia",Factores!$F$33,IF($C14="Carbón Santander",Factores!$F$34,IF($C14="Carbón Santander Sogamoso",Factores!$F$35,IF($C14="Carbón Boyacá",Factores!$F$36,IF($C14="Carbón Antioquia",Factores!$F$37,IF($C14="Bagazo",Factores!$F$38,IF($C14="Fibra de palma",Factores!$F$39,IF($C14="Cuesco de palma",Factores!$F$40,IF($C14="Raquis de palma",Factores!$F$41,IF($C14="Cascarilla de Arroz",Factores!$F$42,IF($C14="Borra de Café",Factores!$F$43,IF($C14="Cisco de Café",Factores!$F$44,IF($C14="Leña",Factores!$F$45,IF($C14="Madera Genérico",Factores!$F$46,IF($C14="Madera Eucalipto",Factores!$F$47,IF($C14="Madera Pino",Factores!$F$48,IF($C14="Madera Acacia",Factores!$F$49,IF($C14="Madera Melina",Factores!$F$50,IF($C14="Residuos de llantas",Factores!$F$51,"0"))))))))))))))))))))))))) -> 0 | I14: =IF($C14="Carbón Genérico",Factores!$G$27,IF($C14="Carbón Guajira - Cesar",Factores!$G$28,IF($C14="Carbón Guajira",Factores!$G$29,IF($C14="Carbón Cundinamarca",Factores!$G$30,IF($C14="Carbón Cauca - Valle del Cauca",Factores!$G$31,IF($C14="Carbón Norte de Santander",Factores!$G$32,IF($C14="Carbón Córdoba-Norte de Antioquia",Factores!$G$33,IF($C14="Carbón Santander",Factores!$G$34,IF($C14="Carbón Santander Sogamoso",Factores!$G$35,IF($C14="Carbón Boyacá",Factores!$G$36,IF($C14="Carbón Antioquia",Factores!$G$37,IF($C14="Bagazo",Factores!$G$38,IF($C14="Fibra de palma",Factores!$G$39,IF($C14="Cuesco de palma",Factores!$G$40,IF($C14="Raquis de palma",Factores!$G$41,IF($C14="Cascarilla de Arroz",Factores!$G$42,IF($C14="Borra de Café",Factores!$G$43,IF($C14="Cisco de Café",Factores!$G$44,IF($C14="Leña",Factores!$G$45,IF($C14="Madera Genérico",Factores!$G$46,IF($C14="Madera Eucalipto",Factores!$G$47,IF($C14="Madera Pino",Factores!$G$48,IF($C14="Madera Acacia",Factores!$G$49,IF($C14="Madera Melina",Factores!$G$50,IF($C14="Residuos de llantas",Factores!$G$51,"0"))))))))))))))))))))))))) -> 0 | J14: =IF($C14="Carbón Genérico",Factores!$H$27,IF($C14="Carbón Guajira - Cesar",Factores!$H$28,IF($C14="Carbón Guajira",Factores!$H$29,IF($C14="Carbón Cundinamarca",Factores!$H$30,IF($C14="Carbón Cauca - Valle del Cauca",Factores!$H$31,IF($C14="Carbón Norte de Santander",Factores!$H$32,IF($C14="Carbón Córdoba-Norte de Antioquia",Factores!$H$33,IF($C14="Carbón Santander",Factores!$H$34,IF($C14="Carbón Santander Sogamoso",Factores!$H$35,IF($C14="Carbón Boyacá",Factores!$H$36,IF($C14="Carbón Antioquia",Factores!$H$37,IF($C14="Bagazo",Factores!$H$38,IF($C14="Fibra de palma",Factores!$H$39,IF($C14="Cuesco de palma",Factores!$H$40,IF($C14="Raquis de palma",Factores!$H$41,IF($C14="Cascarilla de Arroz",Factores!$H$42,IF($C14="Borra de Café",Factores!$H$43,IF($C14="Cisco de Café",Factores!$H$44,IF($C14="Leña",Factores!$H$45,IF($C14="Madera Genérico",Factores!$H$46,IF($C14="Madera Eucalipto",Factores!$H$47,IF($C14="Madera Pino",Factores!$H$48,IF($C14="Madera Acacia",Factores!$H$49,IF($C14="Madera Melina",Factores!$H$50,IF($C14="Residuos de llantas",Factores!$H$51,"0"))))))))))))))))))))))))) -> 0 | K14: =$F14*$G14 -> 0 | L14: =$F14*$H14 -> 0 | M14: =$F14*$I14 -> 0 | N14: =$F14*$J14 -> 0
B15: 12 | E15: =IF($C15="Carbón Genérico",Factores!$D$27,IF($C15="Carbón Guajira - Cesar",Factores!$D$28,IF($C15="Carbón Guajira",Factores!$D$29,IF($C15="Carbón Cundinamarca",Factores!$D$30,IF($C15="Carbón Cauca - Valle del Cauca",Factores!$D$31,IF($C15="Carbón Norte de Santander",Factores!$D$32,IF($C15="Carbón Córdoba-Norte de Antioquia",Factores!$D$33,IF($C15="Carbón Santander",Factores!$D$34,IF($C15="Carbón Santander Sogamoso",Factores!$D$35,IF($C15="Carbón Boyacá",Factores!$D$36,IF($C15="Carbón Antioquia",Factores!$D$37,IF($C15="Bagazo",Factores!$D$38,IF($C15="Fibra de palma",Factores!$D$39,IF($C15="Cuesco de palma",Factores!$D$40,IF($C15="Raquis de palma",Factores!$D$41,IF($C15="Cascarilla de Arroz",Factores!$D$42,IF($C15="Borra de Café",Factores!$D$43,IF($C15="Cisco de Café",Factores!$D$44,IF($C15="Leña",Factores!$D$45,IF($C15="Madera Genérico",Factores!$D$46,IF($C15="Madera Eucalipto",Factores!$D$47,IF($C15="Madera Pino",Factores!$D$48,IF($C15="Madera Acacia",Factores!$D$49,IF($C15="Madera Melina",Factores!$D$50,IF($C15="Residuos de llantas",Factores!$D$51,"0"))))))))))))))))))))))))) -> 0 | F15: =(D15*E15)/1000000 -> 0 | G15: =IF($C15="Carbón Genérico",Factores!$E$27,IF($C15="Carbón Guajira - Cesar",Factores!$E$28,IF($C15="Carbón Guajira",Factores!$E$29,IF($C15="Carbón Cundinamarca",Factores!$E$30,IF($C15="Carbón Cauca - Valle del Cauca",Factores!$E$31,IF($C15="Carbón Norte de Santander",Factores!$E$32,IF($C15="Carbón Córdoba-Norte de Antioquia",Factores!$E$33,IF($C15="Carbón Santander",Factores!$E$34,IF($C15="Carbón Santander Sogamoso",Factores!$E$35,IF($C15="Carbón Boyacá",Factores!$E$36,IF($C15="Carbón Antioquia",Factores!$E$37,IF($C15="Bagazo",Factores!$E$38,IF($C15="Fibra de palma",Factores!$E$39,IF($C15="Cuesco de palma",Factores!$E$40,IF($C15="Raquis de palma",Factores!$E$41,IF($C15="Cascarilla de Arroz",Factores!$E$42,IF($C15="Borra de Café",Factores!$E$43,IF($C15="Cisco de Café",Factores!$E$44,IF($C15="Leña",Factores!$E$45,IF($C15="Madera Genérico",Factores!$E$46,IF($C15="Madera Eucalipto",Factores!$E$47,IF($C15="Madera Pino",Factores!$E$48,IF($C15="Madera Acacia",Factores!$E$49,IF($C15="Madera Melina",Factores!$E$50,IF($C15="Residuos de llantas",Factores!$E$51,"0"))))))))))))))))))))))))) -> 0 | H15: =IF($C15="Carbón Genérico",Factores!$F$27,IF($C15="Carbón Guajira - Cesar",Factores!$F$28,IF($C15="Carbón Guajira",Factores!$F$29,IF($C15="Carbón Cundinamarca",Factores!$F$30,IF($C15="Carbón Cauca - Valle del Cauca",Factores!$F$31,IF($C15="Carbón Norte de Santander",Factores!$F$32,IF($C15="Carbón Córdoba-Norte de Antioquia",Factores!$F$33,IF($C15="Carbón Santander",Factores!$F$34,IF($C15="Carbón Santander Sogamoso",Factores!$F$35,IF($C15="Carbón Boyacá",Factores!$F$36,IF($C15="Carbón Antioquia",Factores!$F$37,IF($C15="Bagazo",Factores!$F$38,IF($C15="Fibra de palma",Factores!$F$39,IF($C15="Cuesco de palma",Factores!$F$40,IF($C15="Raquis de palma",Factores!$F$41,IF($C15="Cascarilla de Arroz",Factores!$F$42,IF($C15="Borra de Café",Factores!$F$43,IF($C15="Cisco de Café",Factores!$F$44,IF($C15="Leña",Factores!$F$45,IF($C15="Madera Genérico",Factores!$F$46,IF($C15="Madera Eucalipto",Factores!$F$47,IF($C15="Madera Pino",Factores!$F$48,IF($C15="Madera Acacia",Factores!$F$49,IF($C15="Madera Melina",Factores!$F$50,IF($C15="Residuos de llantas",Factores!$F$51,"0"))))))))))))))))))))))))) -> 0 | I15: =IF($C15="Carbón Genérico",Factores!$G$27,IF($C15="Carbón Guajira - Cesar",Factores!$G$28,IF($C15="Carbón Guajira",Factores!$G$29,IF($C15="Carbón Cundinamarca",Factores!$G$30,IF($C15="Carbón Cauca - Valle del Cauca",Factores!$G$31,IF($C15="Carbón Norte de Santander",Factores!$G$32,IF($C15="Carbón Córdoba-Norte de Antioquia",Factores!$G$33,IF($C15="Carbón Santander",Factores!$G$34,IF($C15="Carbón Santander Sogamoso",Factores!$G$35,IF($C15="Carbón Boyacá",Factores!$G$36,IF($C15="Carbón Antioquia",Factores!$G$37,IF($C15="Bagazo",Factores!$G$38,IF($C15="Fibra de palma",Factores!$G$39,IF($C15="Cuesco de palma",Factores!$G$40,IF($C15="Raquis de palma",Factores!$G$41,IF($C15="Cascarilla de Arroz",Factores!$G$42,IF($C15="Borra de Café",Factores!$G$43,IF($C15="Cisco de Café",Factores!$G$44,IF($C15="Leña",Factores!$G$45,IF($C15="Madera Genérico",Factores!$G$46,IF($C15="Madera Eucalipto",Factores!$G$47,IF($C15="Madera Pino",Factores!$G$48,IF($C15="Madera Acacia",Factores!$G$49,IF($C15="Madera Melina",Factores!$G$50,IF($C15="Residuos de llantas",Factores!$G$51,"0"))))))))))))))))))))))))) -> 0 | J15: =IF($C15="Carbón Genérico",Factores!$H$27,IF($C15="Carbón Guajira - Cesar",Factores!$H$28,IF($C15="Carbón Guajira",Factores!$H$29,IF($C15="Carbón Cundinamarca",Factores!$H$30,IF($C15="Carbón Cauca - Valle del Cauca",Factores!$H$31,IF($C15="Carbón Norte de Santander",Factores!$H$32,IF($C15="Carbón Córdoba-Norte de Antioquia",Factores!$H$33,IF($C15="Carbón Santander",Factores!$H$34,IF($C15="Carbón Santander Sogamoso",Factores!$H$35,IF($C15="Carbón Boyacá",Factores!$H$36,IF($C15="Carbón Antioquia",Factores!$H$37,IF($C15="Bagazo",Factores!$H$38,IF($C15="Fibra de palma",Factores!$H$39,IF($C15="Cuesco de palma",Factores!$H$40,IF($C15="Raquis de palma",Factores!$H$41,IF($C15="Cascarilla de Arroz",Factores!$H$42,IF($C15="Borra de Café",Factores!$H$43,IF($C15="Cisco de Café",Factores!$H$44,IF($C15="Leña",Factores!$H$45,IF($C15="Madera Genérico",Factores!$H$46,IF($C15="Madera Eucalipto",Factores!$H$47,IF($C15="Madera Pino",Factores!$H$48,IF($C15="Madera Acacia",Factores!$H$49,IF($C15="Madera Melina",Factores!$H$50,IF($C15="Residuos de llantas",Factores!$H$51,"0"))))))))))))))))))))))))) -> 0 | K15: =$F15*$G15 -> 0 | L15: =$F15*$H15 -> 0 | M15: =$F15*$I15 -> 0 | N15: =$F15*$J15 -> 0
B16: 13 | E16: =IF($C16="Carbón Genérico",Factores!$D$27,IF($C16="Carbón Guajira - Cesar",Factores!$D$28,IF($C16="Carbón Guajira",Factores!$D$29,IF($C16="Carbón Cundinamarca",Factores!$D$30,IF($C16="Carbón Cauca - Valle del Cauca",Factores!$D$31,IF($C16="Carbón Norte de Santander",Factores!$D$32,IF($C16="Carbón Córdoba-Norte de Antioquia",Factores!$D$33,IF($C16="Carbón Santander",Factores!$D$34,IF($C16="Carbón Santander Sogamoso",Factores!$D$35,IF($C16="Carbón Boyacá",Factores!$D$36,IF($C16="Carbón Antioquia",Factores!$D$37,IF($C16="Bagazo",Factores!$D$38,IF($C16="Fibra de palma",Factores!$D$39,IF($C16="Cuesco de palma",Factores!$D$40,IF($C16="Raquis de palma",Factores!$D$41,IF($C16="Cascarilla de Arroz",Factores!$D$42,IF($C16="Borra de Café",Factores!$D$43,IF($C16="Cisco de Café",Factores!$D$44,IF($C16="Leña",Factores!$D$45,IF($C16="Madera Genérico",Factores!$D$46,IF($C16="Madera Eucalipto",Factores!$D$47,IF($C16="Madera Pino",Factores!$D$48,IF($C16="Madera Acacia",Factores!$D$49,IF($C16="Madera Melina",Factores!$D$50,IF($C16="Residuos de llantas",Factores!$D$51,"0"))))))))))))))))))))))))) -> 0 | F16: =(D16*E16)/1000000 -> 0 | G16: =IF($C16="Carbón Genérico",Factores!$E$27,IF($C16="Carbón Guajira - Cesar",Factores!$E$28,IF($C16="Carbón Guajira",Factores!$E$29,IF($C16="Carbón Cundinamarca",Factores!$E$30,IF($C16="Carbón Cauca - Valle del Cauca",Factores!$E$31,IF($C16="Carbón Norte de Santander",Factores!$E$32,IF($C16="Carbón Córdoba-Norte de Antioquia",Factores!$E$33,IF($C16="Carbón Santander",Factores!$E$34,IF($C16="Carbón Santander Sogamoso",Factores!$E$35,IF($C16="Carbón Boyacá",Factores!$E$36,IF($C16="Carbón Antioquia",Factores!$E$37,IF($C16="Bagazo",Factores!$E$38,IF($C16="Fibra de palma",Factores!$E$39,IF($C16="Cuesco de palma",Factores!$E$40,IF($C16="Raquis de palma",Factores!$E$41,IF($C16="Cascarilla de Arroz",Factores!$E$42,IF($C16="Borra de Café",Factores!$E$43,IF($C16="Cisco de Café",Factores!$E$44,IF($C16="Leña",Factores!$E$45,IF($C16="Madera Genérico",Factores!$E$46,IF($C16="Madera Eucalipto",Factores!$E$47,IF($C16="Madera Pino",Factores!$E$48,IF($C16="Madera Acacia",Factores!$E$49,IF($C16="Madera Melina",Factores!$E$50,IF($C16="Residuos de llantas",Factores!$E$51,"0"))))))))))))))))))))))))) -> 0 | H16: =IF($C16="Carbón Genérico",Factores!$F$27,IF($C16="Carbón Guajira - Cesar",Factores!$F$28,IF($C16="Carbón Guajira",Factores!$F$29,IF($C16="Carbón Cundinamarca",Factores!$F$30,IF($C16="Carbón Cauca - Valle del Cauca",Factores!$F$31,IF($C16="Carbón Norte de Santander",Factores!$F$32,IF($C16="Carbón Córdoba-Norte de Antioquia",Factores!$F$33,IF($C16="Carbón Santander",Factores!$F$34,IF($C16="Carbón Santander Sogamoso",Factores!$F$35,IF($C16="Carbón Boyacá",Factores!$F$36,IF($C16="Carbón Antioquia",Factores!$F$37,IF($C16="Bagazo",Factores!$F$38,IF($C16="Fibra de palma",Factores!$F$39,IF($C16="Cuesco de palma",Factores!$F$40,IF($C16="Raquis de palma",Factores!$F$41,IF($C16="Cascarilla de Arroz",Factores!$F$42,IF($C16="Borra de Café",Factores!$F$43,IF($C16="Cisco de Café",Factores!$F$44,IF($C16="Leña",Factores!$F$45,IF($C16="Madera Genérico",Factores!$F$46,IF($C16="Madera Eucalipto",Factores!$F$47,IF($C16="Madera Pino",Factores!$F$48,IF($C16="Madera Acacia",Factores!$F$49,IF($C16="Madera Melina",Factores!$F$50,IF($C16="Residuos de llantas",Factores!$F$51,"0"))))))))))))))))))))))))) -> 0 | I16: =IF($C16="Carbón Genérico",Factores!$G$27,IF($C16="Carbón Guajira - Cesar",Factores!$G$28,IF($C16="Carbón Guajira",Factores!$G$29,IF($C16="Carbón Cundinamarca",Factores!$G$30,IF($C16="Carbón Cauca - Valle del Cauca",Factores!$G$31,IF($C16="Carbón Norte de Santander",Factores!$G$32,IF($C16="Carbón Córdoba-Norte de Antioquia",Factores!$G$33,IF($C16="Carbón Santander",Factores!$G$34,IF($C16="Carbón Santander Sogamoso",Factores!$G$35,IF($C16="Carbón Boyacá",Factores!$G$36,IF($C16="Carbón Antioquia",Factores!$G$37,IF($C16="Bagazo",Factores!$G$38,IF($C16="Fibra de palma",Factores!$G$39,IF($C16="Cuesco de palma",Factores!$G$40,IF($C16="Raquis de palma",Factores!$G$41,IF($C16="Cascarilla de Arroz",Factores!$G$42,IF($C16="Borra de Café",Factores!$G$43,IF($C16="Cisco de Café",Factores!$G$44,IF($C16="Leña",Factores!$G$45,IF($C16="Madera Genérico",Factores!$G$46,IF($C16="Madera Eucalipto",Factores!$G$47,IF($C16="Madera Pino",Factores!$G$48,IF($C16="Madera Acacia",Factores!$G$49,IF($C16="Madera Melina",Factores!$G$50,IF($C16="Residuos de llantas",Factores!$G$51,"0"))))))))))))))))))))))))) -> 0 | J16: =IF($C16="Carbón Genérico",Factores!$H$27,IF($C16="Carbón Guajira - Cesar",Factores!$H$28,IF($C16="Carbón Guajira",Factores!$H$29,IF($C16="Carbón Cundinamarca",Factores!$H$30,IF($C16="Carbón Cauca - Valle del Cauca",Factores!$H$31,IF($C16="Carbón Norte de Santander",Factores!$H$32,IF($C16="Carbón Córdoba-Norte de Antioquia",Factores!$H$33,IF($C16="Carbón Santander",Factores!$H$34,IF($C16="Carbón Santander Sogamoso",Factores!$H$35,IF($C16="Carbón Boyacá",Factores!$H$36,IF($C16="Carbón Antioquia",Factores!$H$37,IF($C16="Bagazo",Factores!$H$38,IF($C16="Fibra de palma",Factores!$H$39,IF($C16="Cuesco de palma",Factores!$H$40,IF($C16="Raquis de palma",Factores!$H$41,IF($C16="Cascarilla de Arroz",Factores!$H$42,IF($C16="Borra de Café",Factores!$H$43,IF($C16="Cisco de Café",Factores!$H$44,IF($C16="Leña",Factores!$H$45,IF($C16="Madera Genérico",Factores!$H$46,IF($C16="Madera Eucalipto",Factores!$H$47,IF($C16="Madera Pino",Factores!$H$48,IF($C16="Madera Acacia",Factores!$H$49,IF($C16="Madera Melina",Factores!$H$50,IF($C16="Residuos de llantas",Factores!$H$51,"0"))))))))))))))))))))))))) -> 0 | K16: =$F16*$G16 -> 0 | L16: =$F16*$H16 -> 0 | M16: =$F16*$I16 -> 0 | N16: =$F16*$J16 -> 0
